-- CSV Seed Data (auto-generated)


-- hostel_info (1 rows)
INSERT INTO hostel_info (hostel_id, hostel_name, address, phone, email, tax_id) VALUES (1, 'Hellesidence', '123 Sukhumvit Road, Khlong Toei, Bangkok 10110', '02-123-4567', 'info@helleresidence.co.th', 105555123456) ON CONFLICT DO NOTHING;

-- room_type (3 rows)
INSERT INTO room_type (room_type_id, description, base_price) VALUES (1, 'Standard', 4500) ON CONFLICT DO NOTHING;
INSERT INTO room_type (room_type_id, description, base_price) VALUES (2, 'Deluxe', 6000) ON CONFLICT DO NOTHING;
INSERT INTO room_type (room_type_id, description, base_price) VALUES (3, 'Suite', 8500) ON CONFLICT DO NOTHING;

-- room (16 rows)
INSERT INTO room (room_no, room_type_id, floor, monthly_price, status) VALUES (101, 1, 1, 4500, 'Occupied') ON CONFLICT DO NOTHING;
INSERT INTO room (room_no, room_type_id, floor, monthly_price, status) VALUES (102, 1, 1, 4500, 'Occupied') ON CONFLICT DO NOTHING;
INSERT INTO room (room_no, room_type_id, floor, monthly_price, status) VALUES (103, 1, 1, 4500, 'Occupied') ON CONFLICT DO NOTHING;
INSERT INTO room (room_no, room_type_id, floor, monthly_price, status) VALUES (104, 1, 1, 4500, 'Occupied') ON CONFLICT DO NOTHING;
INSERT INTO room (room_no, room_type_id, floor, monthly_price, status) VALUES (105, 1, 1, 4500, 'Occupied') ON CONFLICT DO NOTHING;
INSERT INTO room (room_no, room_type_id, floor, monthly_price, status) VALUES (106, 1, 1, 4500, 'Maintenance') ON CONFLICT DO NOTHING;
INSERT INTO room (room_no, room_type_id, floor, monthly_price, status) VALUES (201, 2, 2, 6000, 'Occupied') ON CONFLICT DO NOTHING;
INSERT INTO room (room_no, room_type_id, floor, monthly_price, status) VALUES (202, 2, 2, 6000, 'Occupied') ON CONFLICT DO NOTHING;
INSERT INTO room (room_no, room_type_id, floor, monthly_price, status) VALUES (203, 2, 2, 6000, 'Occupied') ON CONFLICT DO NOTHING;
INSERT INTO room (room_no, room_type_id, floor, monthly_price, status) VALUES (204, 2, 2, 6000, 'Occupied') ON CONFLICT DO NOTHING;
INSERT INTO room (room_no, room_type_id, floor, monthly_price, status) VALUES (205, 2, 2, 6000, 'Occupied') ON CONFLICT DO NOTHING;
INSERT INTO room (room_no, room_type_id, floor, monthly_price, status) VALUES (301, 3, 3, 8500, 'Occupied') ON CONFLICT DO NOTHING;
INSERT INTO room (room_no, room_type_id, floor, monthly_price, status) VALUES (302, 3, 3, 8500, 'Occupied') ON CONFLICT DO NOTHING;
INSERT INTO room (room_no, room_type_id, floor, monthly_price, status) VALUES (303, 3, 3, 8500, 'Occupied') ON CONFLICT DO NOTHING;
INSERT INTO room (room_no, room_type_id, floor, monthly_price, status) VALUES (401, 1, 4, 4500, 'Occupied') ON CONFLICT DO NOTHING;
INSERT INTO room (room_no, room_type_id, floor, monthly_price, status) VALUES (402, 1, 4, 4500, 'Occupied') ON CONFLICT DO NOTHING;

-- tenant (15 rows)
INSERT INTO tenant (tenant_id, name, phone, email, address, id_card_no) VALUES (1, 'Somchai Jaidee', '081-234-5678', 'somchai@email.com', '45 Moo 3, Nonthaburi 11000', 1100100012345) ON CONFLICT DO NOTHING;
INSERT INTO tenant (tenant_id, name, phone, email, address, id_card_no) VALUES (2, 'Malee Srisuk', '082-345-6789', 'malee@email.com', '22 Ladprao Rd, Bangkok 10230', 1100100023456) ON CONFLICT DO NOTHING;
INSERT INTO tenant (tenant_id, name, phone, email, address, id_card_no) VALUES (3, 'Napat Thongdee', '083-456-7890', 'napat@email.com', '8 Chaengwattana, Nonthaburi 11120', 1100100034567) ON CONFLICT DO NOTHING;
INSERT INTO tenant (tenant_id, name, phone, email, address, id_card_no) VALUES (4, 'Pimchanok Rakdee', '084-567-8901', 'pimchanok@email.com', '100 Ratchadaphisek, Bangkok 10310', 1100100045678) ON CONFLICT DO NOTHING;
INSERT INTO tenant (tenant_id, name, phone, email, address, id_card_no) VALUES (5, 'Krit Panya', '085-678-9012', 'krit@email.com', '77 Phahon Yothin, Bangkok 10900', 1100100056789) ON CONFLICT DO NOTHING;
INSERT INTO tenant (tenant_id, name, phone, email, address, id_card_no) VALUES (6, 'Wanchai Boonmee', '086-789-0123', 'wanchai@email.com', '31 Silom Rd, Bangkok 10500', 1100100067890) ON CONFLICT DO NOTHING;
INSERT INTO tenant (tenant_id, name, phone, email, address, id_card_no) VALUES (7, 'Sirinapa Chaiyakul', '087-890-1234', 'sirinapa@email.com', '15 On Nut Rd, Bangkok 10250', 1100100078901) ON CONFLICT DO NOTHING;
INSERT INTO tenant (tenant_id, name, phone, email, address, id_card_no) VALUES (8, 'Thanida Somboon', '088-901-2345', 'thanida@email.com', '60 Bangna-Trad Rd, Bangkok 10260', 1100100089012) ON CONFLICT DO NOTHING;
INSERT INTO tenant (tenant_id, name, phone, email, address, id_card_no) VALUES (9, 'Rattana Phonsri', '089-012-3456', 'rattana@email.com', '3 Sathorn Rd, Bangkok 10120', 1100100090123) ON CONFLICT DO NOTHING;
INSERT INTO tenant (tenant_id, name, phone, email, address, id_card_no) VALUES (10, 'Pasit Lorprasert', '081-123-4567', 'pasit@email.com', '19 Minburi, Bangkok 10510', 1100100101234) ON CONFLICT DO NOTHING;
INSERT INTO tenant (tenant_id, name, phone, email, address, id_card_no) VALUES (11, 'Busaba Wongsa', '082-234-5678', 'busaba@email.com', '55 Thonburi, Bangkok 10600', 1100100112345) ON CONFLICT DO NOTHING;
INSERT INTO tenant (tenant_id, name, phone, email, address, id_card_no) VALUES (12, 'Chartchai Intawong', '083-345-6789', 'chartchai@email.com', '28 Phra Khanong, Bangkok 10260', 1100100123456) ON CONFLICT DO NOTHING;
INSERT INTO tenant (tenant_id, name, phone, email, address, id_card_no) VALUES (13, 'Duangjai Keawkla', '084-456-7890', 'duangjai@email.com', '14 Ramkhamhaeng, Bangkok 10240', 1100100134567) ON CONFLICT DO NOTHING;
INSERT INTO tenant (tenant_id, name, phone, email, address, id_card_no) VALUES (14, 'Ekkachai Phromma', '085-567-8901', 'ekkachai@email.com', '37 Wang Thonglang, Bangkok 10310', 1100100145678) ON CONFLICT DO NOTHING;
INSERT INTO tenant (tenant_id, name, phone, email, address, id_card_no) VALUES (15, 'Fah Chantawong', '086-678-9012', 'fah@email.com', '9 Ratchayothin, Bangkok 10900', 1100100156789) ON CONFLICT DO NOTHING;

-- staff (5 rows)
INSERT INTO staff (staff_id, name, position, phone) VALUES (1, 'Somjit Kaewdee', 'Manager', '081-111-1111') ON CONFLICT DO NOTHING;
INSERT INTO staff (staff_id, name, position, phone) VALUES (2, 'Prasert Khamdi', 'Plumber', '082-222-2222') ON CONFLICT DO NOTHING;
INSERT INTO staff (staff_id, name, position, phone) VALUES (3, 'Wichai Sripetch', 'Electrician', '083-333-3333') ON CONFLICT DO NOTHING;
INSERT INTO staff (staff_id, name, position, phone) VALUES (4, 'Aranya Wongsak', 'Inspector', '084-444-4444') ON CONFLICT DO NOTHING;
INSERT INTO staff (staff_id, name, position, phone) VALUES (5, 'Narin Thippharat', 'Technician', '085-555-5555') ON CONFLICT DO NOTHING;

-- supplier (5 rows)
INSERT INTO supplier (supplier_id, name, contact_information) VALUES (1, 'Fix-It Co.', 'Tel: 02-111-1111 | fixitco@email.co.th') ON CONFLICT DO NOTHING;
INSERT INTO supplier (supplier_id, name, contact_information) VALUES (2, 'Clean Pro', 'Tel: 02-222-2222 | cleanpro@email.co.th') ON CONFLICT DO NOTHING;
INSERT INTO supplier (supplier_id, name, contact_information) VALUES (3, 'Office Plus', 'Tel: 02-333-3333 | officeplus@email.co.th') ON CONFLICT DO NOTHING;
INSERT INTO supplier (supplier_id, name, contact_information) VALUES (4, 'Green Garden', 'Tel: 02-444-4444 | greengarden@email.co.th') ON CONFLICT DO NOTHING;
INSERT INTO supplier (supplier_id, name, contact_information) VALUES (5, 'Power Tech', 'Tel: 02-555-5555 | powertech@email.co.th') ON CONFLICT DO NOTHING;

-- furniture (8 rows)
INSERT INTO furniture (item_id, name, category, default_price) VALUES (1, 'Bed Frame', 'Bedroom', 5000) ON CONFLICT DO NOTHING;
INSERT INTO furniture (item_id, name, category, default_price) VALUES (2, 'Study Desk', 'Office', 2500) ON CONFLICT DO NOTHING;
INSERT INTO furniture (item_id, name, category, default_price) VALUES (3, 'Wardrobe', 'Bedroom', 4000) ON CONFLICT DO NOTHING;
INSERT INTO furniture (item_id, name, category, default_price) VALUES (4, 'Air Conditioner', 'Electrical', 15000) ON CONFLICT DO NOTHING;
INSERT INTO furniture (item_id, name, category, default_price) VALUES (5, 'Refrigerator', 'Electrical', 8000) ON CONFLICT DO NOTHING;
INSERT INTO furniture (item_id, name, category, default_price) VALUES (6, 'Water Heater', 'Bathroom', 3000) ON CONFLICT DO NOTHING;
INSERT INTO furniture (item_id, name, category, default_price) VALUES (7, 'Sofa', 'Living Room', 6000) ON CONFLICT DO NOTHING;
INSERT INTO furniture (item_id, name, category, default_price) VALUES (8, 'Television', 'Electronic', 10000) ON CONFLICT DO NOTHING;

-- product_code (8 rows)
INSERT INTO product_code (product_code, product_name, product_type, default_unit_price) VALUES ('CLEAN01', 'Cleaning Fee', 'Utility', 200) ON CONFLICT DO NOTHING;
INSERT INTO product_code (product_code, product_name, product_type, default_unit_price) VALUES ('ELEC01', 'Electricity', 'Utility', 3.5) ON CONFLICT DO NOTHING;
INSERT INTO product_code (product_code, product_name, product_type, default_unit_price) VALUES ('FINE01', 'Late Payment Fine', 'Fine', 500) ON CONFLICT DO NOTHING;
INSERT INTO product_code (product_code, product_name, product_type, default_unit_price) VALUES ('FINE02', 'Damage Fine', 'Fine', 200) ON CONFLICT DO NOTHING;
INSERT INTO product_code (product_code, product_name, product_type, default_unit_price) VALUES ('INET01', 'Internet (Monthly)', 'Utility', 440) ON CONFLICT DO NOTHING;
INSERT INTO product_code (product_code, product_name, product_type, default_unit_price) VALUES ('MAINT01', 'Maintenance Charge', 'Maintenance', 500) ON CONFLICT DO NOTHING;
INSERT INTO product_code (product_code, product_name, product_type, default_unit_price) VALUES ('RENT01', 'Monthly Rent', 'Rent', 4500) ON CONFLICT DO NOTHING;
INSERT INTO product_code (product_code, product_name, product_type, default_unit_price) VALUES ('WATER01', 'Water', 'Utility', 80) ON CONFLICT DO NOTHING;

-- rental_contract (15 rows)
INSERT INTO rental_contract (contract_no, contract_date, tenant_id, room_no, start_date, end_date, deposit_amount, monthly_rent, total_contract_value, created_at, status) VALUES (1, '2026-01-01', 1, 101, '2026-01-01', '2026-12-31', 9000, 4500, 54000, '2026-01-01 09:00:00+00', 'Active') ON CONFLICT DO NOTHING;
INSERT INTO rental_contract (contract_no, contract_date, tenant_id, room_no, start_date, end_date, deposit_amount, monthly_rent, total_contract_value, created_at, status) VALUES (2, '2026-01-14', 2, 102, '2026-01-01', '2027-01-14', 9000, 4500, 54000, '2026-01-14 09:00:00+00', 'Active') ON CONFLICT DO NOTHING;
INSERT INTO rental_contract (contract_no, contract_date, tenant_id, room_no, start_date, end_date, deposit_amount, monthly_rent, total_contract_value, created_at, status) VALUES (3, '2026-01-05', 3, 201, '2026-01-01', '2026-12-31', 12000, 6000, 72000, '2026-01-05 09:00:00+00', 'Active') ON CONFLICT DO NOTHING;
INSERT INTO rental_contract (contract_no, contract_date, tenant_id, room_no, start_date, end_date, deposit_amount, monthly_rent, total_contract_value, created_at, status) VALUES (4, '2026-01-31', 5, 301, '2026-02-01', '2027-01-31', 17000, 8500, 102000, '2026-01-31 09:00:00+00', 'Active') ON CONFLICT DO NOTHING;
INSERT INTO rental_contract (contract_no, contract_date, tenant_id, room_no, start_date, end_date, deposit_amount, monthly_rent, total_contract_value, created_at, status) VALUES (5, '2026-01-01', 6, 202, '2026-01-01', '2026-12-31', 12000, 6000, 72000, '2026-01-01 09:00:00+00', 'Active') ON CONFLICT DO NOTHING;
INSERT INTO rental_contract (contract_no, contract_date, tenant_id, room_no, start_date, end_date, deposit_amount, monthly_rent, total_contract_value, created_at, status) VALUES (6, '2026-01-20', 7, 203, '2026-01-20', '2027-01-19', 12000, 6000, 72000, '2026-01-20 09:00:00+00', 'Expiring') ON CONFLICT DO NOTHING;
INSERT INTO rental_contract (contract_no, contract_date, tenant_id, room_no, start_date, end_date, deposit_amount, monthly_rent, total_contract_value, created_at, status) VALUES (7, '2026-02-14', 8, 104, '2026-02-15', '2027-02-14', 9000, 4500, 54000, '2026-02-14 09:00:00+00', 'Expiring') ON CONFLICT DO NOTHING;
INSERT INTO rental_contract (contract_no, contract_date, tenant_id, room_no, start_date, end_date, deposit_amount, monthly_rent, total_contract_value, created_at, status) VALUES (8, '2026-01-10', 9, 302, '2026-01-10', '2027-01-09', 17000, 8500, 102000, '2026-01-10 09:00:00+00', 'Expiring') ON CONFLICT DO NOTHING;
INSERT INTO rental_contract (contract_no, contract_date, tenant_id, room_no, start_date, end_date, deposit_amount, monthly_rent, total_contract_value, created_at, status) VALUES (9, '2026-01-31', 10, 401, '2026-02-01', '2027-01-31', 9000, 4500, 54000, '2026-01-31 09:00:00+00', 'Active') ON CONFLICT DO NOTHING;
INSERT INTO rental_contract (contract_no, contract_date, tenant_id, room_no, start_date, end_date, deposit_amount, monthly_rent, total_contract_value, created_at, status) VALUES (10, '2026-02-28', 4, 103, '2026-03-01', '2027-02-28', 9000, 4500, 54000, '2026-02-28 09:00:00+00', 'Active') ON CONFLICT DO NOTHING;
INSERT INTO rental_contract (contract_no, contract_date, tenant_id, room_no, start_date, end_date, deposit_amount, monthly_rent, total_contract_value, created_at, status) VALUES (11, '2026-06-01', 11, 402, '2026-06-01', '2026-12-31', 9000, 4500, 31500, '2026-06-01 09:00:00+00', 'Active') ON CONFLICT DO NOTHING;
INSERT INTO rental_contract (contract_no, contract_date, tenant_id, room_no, start_date, end_date, deposit_amount, monthly_rent, total_contract_value, created_at, status) VALUES (12, '2026-03-01', 12, 204, '2026-03-01', '2027-02-28', 12000, 6000, 72000, '2026-03-01 09:00:00+00', 'Active') ON CONFLICT DO NOTHING;
INSERT INTO rental_contract (contract_no, contract_date, tenant_id, room_no, start_date, end_date, deposit_amount, monthly_rent, total_contract_value, created_at, status) VALUES (13, '2026-03-05', 13, 105, '2026-03-05', '2027-03-04', 9000, 4500, 54000, '2026-03-05 09:00:00+00', 'Active') ON CONFLICT DO NOTHING;
INSERT INTO rental_contract (contract_no, contract_date, tenant_id, room_no, start_date, end_date, deposit_amount, monthly_rent, total_contract_value, created_at, status) VALUES (14, '2026-03-10', 14, 303, '2026-03-10', '2027-03-09', 17000, 8500, 102000, '2026-03-10 09:00:00+00', 'Active') ON CONFLICT DO NOTHING;
INSERT INTO rental_contract (contract_no, contract_date, tenant_id, room_no, start_date, end_date, deposit_amount, monthly_rent, total_contract_value, created_at, status) VALUES (15, '2026-03-15', 15, 205, '2026-03-15', '2027-03-14', 12000, 6000, 72000, '2026-03-15 09:00:00+00', 'Active') ON CONFLICT DO NOTHING;

-- contract_item (82 rows)
INSERT INTO contract_item (contract_line_id, contract_no, item_id, quantity, condition, notes) VALUES (1, 1, 1, 1, 'Good', NULL) ON CONFLICT DO NOTHING;
INSERT INTO contract_item (contract_line_id, contract_no, item_id, quantity, condition, notes) VALUES (2, 1, 2, 1, 'Good', NULL) ON CONFLICT DO NOTHING;
INSERT INTO contract_item (contract_line_id, contract_no, item_id, quantity, condition, notes) VALUES (3, 1, 3, 1, 'Good', NULL) ON CONFLICT DO NOTHING;
INSERT INTO contract_item (contract_line_id, contract_no, item_id, quantity, condition, notes) VALUES (4, 1, 4, 1, 'Good', NULL) ON CONFLICT DO NOTHING;
INSERT INTO contract_item (contract_line_id, contract_no, item_id, quantity, condition, notes) VALUES (5, 2, 1, 1, 'Good', NULL) ON CONFLICT DO NOTHING;
INSERT INTO contract_item (contract_line_id, contract_no, item_id, quantity, condition, notes) VALUES (6, 2, 2, 1, 'Good', NULL) ON CONFLICT DO NOTHING;
INSERT INTO contract_item (contract_line_id, contract_no, item_id, quantity, condition, notes) VALUES (7, 2, 3, 1, 'Fair', 'Minor scratch on surface') ON CONFLICT DO NOTHING;
INSERT INTO contract_item (contract_line_id, contract_no, item_id, quantity, condition, notes) VALUES (8, 2, 4, 1, 'Good', NULL) ON CONFLICT DO NOTHING;
INSERT INTO contract_item (contract_line_id, contract_no, item_id, quantity, condition, notes) VALUES (9, 3, 1, 1, 'Good', NULL) ON CONFLICT DO NOTHING;
INSERT INTO contract_item (contract_line_id, contract_no, item_id, quantity, condition, notes) VALUES (10, 3, 2, 1, 'Good', NULL) ON CONFLICT DO NOTHING;
INSERT INTO contract_item (contract_line_id, contract_no, item_id, quantity, condition, notes) VALUES (11, 3, 3, 1, 'Good', NULL) ON CONFLICT DO NOTHING;
INSERT INTO contract_item (contract_line_id, contract_no, item_id, quantity, condition, notes) VALUES (12, 3, 4, 1, 'Good', NULL) ON CONFLICT DO NOTHING;
INSERT INTO contract_item (contract_line_id, contract_no, item_id, quantity, condition, notes) VALUES (13, 3, 5, 1, 'Good', NULL) ON CONFLICT DO NOTHING;
INSERT INTO contract_item (contract_line_id, contract_no, item_id, quantity, condition, notes) VALUES (14, 3, 6, 1, 'Good', NULL) ON CONFLICT DO NOTHING;
INSERT INTO contract_item (contract_line_id, contract_no, item_id, quantity, condition, notes) VALUES (15, 4, 1, 1, 'Good', NULL) ON CONFLICT DO NOTHING;
INSERT INTO contract_item (contract_line_id, contract_no, item_id, quantity, condition, notes) VALUES (16, 4, 2, 1, 'Good', NULL) ON CONFLICT DO NOTHING;
INSERT INTO contract_item (contract_line_id, contract_no, item_id, quantity, condition, notes) VALUES (17, 4, 3, 1, 'Good', NULL) ON CONFLICT DO NOTHING;
INSERT INTO contract_item (contract_line_id, contract_no, item_id, quantity, condition, notes) VALUES (18, 4, 4, 1, 'Good', NULL) ON CONFLICT DO NOTHING;
INSERT INTO contract_item (contract_line_id, contract_no, item_id, quantity, condition, notes) VALUES (19, 4, 5, 1, 'Good', NULL) ON CONFLICT DO NOTHING;
INSERT INTO contract_item (contract_line_id, contract_no, item_id, quantity, condition, notes) VALUES (20, 4, 6, 1, 'Good', NULL) ON CONFLICT DO NOTHING;
INSERT INTO contract_item (contract_line_id, contract_no, item_id, quantity, condition, notes) VALUES (21, 4, 7, 1, 'Good', NULL) ON CONFLICT DO NOTHING;
INSERT INTO contract_item (contract_line_id, contract_no, item_id, quantity, condition, notes) VALUES (22, 4, 8, 1, 'Good', NULL) ON CONFLICT DO NOTHING;
INSERT INTO contract_item (contract_line_id, contract_no, item_id, quantity, condition, notes) VALUES (23, 5, 1, 1, 'Good', NULL) ON CONFLICT DO NOTHING;
INSERT INTO contract_item (contract_line_id, contract_no, item_id, quantity, condition, notes) VALUES (24, 5, 2, 1, 'Fair', 'Handle slightly loose') ON CONFLICT DO NOTHING;
INSERT INTO contract_item (contract_line_id, contract_no, item_id, quantity, condition, notes) VALUES (25, 5, 3, 1, 'Good', NULL) ON CONFLICT DO NOTHING;
INSERT INTO contract_item (contract_line_id, contract_no, item_id, quantity, condition, notes) VALUES (26, 5, 4, 1, 'Good', NULL) ON CONFLICT DO NOTHING;
INSERT INTO contract_item (contract_line_id, contract_no, item_id, quantity, condition, notes) VALUES (27, 5, 5, 1, 'Good', NULL) ON CONFLICT DO NOTHING;
INSERT INTO contract_item (contract_line_id, contract_no, item_id, quantity, condition, notes) VALUES (28, 5, 6, 1, 'Good', NULL) ON CONFLICT DO NOTHING;
INSERT INTO contract_item (contract_line_id, contract_no, item_id, quantity, condition, notes) VALUES (29, 6, 1, 1, 'Good', NULL) ON CONFLICT DO NOTHING;
INSERT INTO contract_item (contract_line_id, contract_no, item_id, quantity, condition, notes) VALUES (30, 6, 2, 1, 'Good', NULL) ON CONFLICT DO NOTHING;
INSERT INTO contract_item (contract_line_id, contract_no, item_id, quantity, condition, notes) VALUES (31, 6, 3, 1, 'Fair', 'Door hinge worn') ON CONFLICT DO NOTHING;
INSERT INTO contract_item (contract_line_id, contract_no, item_id, quantity, condition, notes) VALUES (32, 6, 4, 1, 'Good', NULL) ON CONFLICT DO NOTHING;
INSERT INTO contract_item (contract_line_id, contract_no, item_id, quantity, condition, notes) VALUES (33, 6, 5, 1, 'Good', NULL) ON CONFLICT DO NOTHING;
INSERT INTO contract_item (contract_line_id, contract_no, item_id, quantity, condition, notes) VALUES (34, 6, 6, 1, 'Good', NULL) ON CONFLICT DO NOTHING;
INSERT INTO contract_item (contract_line_id, contract_no, item_id, quantity, condition, notes) VALUES (35, 7, 1, 1, 'Good', NULL) ON CONFLICT DO NOTHING;
INSERT INTO contract_item (contract_line_id, contract_no, item_id, quantity, condition, notes) VALUES (36, 7, 2, 1, 'Good', NULL) ON CONFLICT DO NOTHING;
INSERT INTO contract_item (contract_line_id, contract_no, item_id, quantity, condition, notes) VALUES (37, 7, 3, 1, 'Good', NULL) ON CONFLICT DO NOTHING;
INSERT INTO contract_item (contract_line_id, contract_no, item_id, quantity, condition, notes) VALUES (38, 7, 4, 1, 'Good', NULL) ON CONFLICT DO NOTHING;
INSERT INTO contract_item (contract_line_id, contract_no, item_id, quantity, condition, notes) VALUES (39, 8, 1, 1, 'Good', NULL) ON CONFLICT DO NOTHING;
INSERT INTO contract_item (contract_line_id, contract_no, item_id, quantity, condition, notes) VALUES (40, 8, 2, 1, 'Good', NULL) ON CONFLICT DO NOTHING;
INSERT INTO contract_item (contract_line_id, contract_no, item_id, quantity, condition, notes) VALUES (41, 8, 3, 1, 'Good', NULL) ON CONFLICT DO NOTHING;
INSERT INTO contract_item (contract_line_id, contract_no, item_id, quantity, condition, notes) VALUES (42, 8, 4, 1, 'Good', NULL) ON CONFLICT DO NOTHING;
INSERT INTO contract_item (contract_line_id, contract_no, item_id, quantity, condition, notes) VALUES (43, 8, 5, 1, 'Good', NULL) ON CONFLICT DO NOTHING;
INSERT INTO contract_item (contract_line_id, contract_no, item_id, quantity, condition, notes) VALUES (44, 8, 6, 1, 'Good', NULL) ON CONFLICT DO NOTHING;
INSERT INTO contract_item (contract_line_id, contract_no, item_id, quantity, condition, notes) VALUES (45, 8, 7, 1, 'Good', NULL) ON CONFLICT DO NOTHING;
INSERT INTO contract_item (contract_line_id, contract_no, item_id, quantity, condition, notes) VALUES (46, 8, 8, 1, 'Good', NULL) ON CONFLICT DO NOTHING;
INSERT INTO contract_item (contract_line_id, contract_no, item_id, quantity, condition, notes) VALUES (47, 9, 1, 1, 'Good', NULL) ON CONFLICT DO NOTHING;
INSERT INTO contract_item (contract_line_id, contract_no, item_id, quantity, condition, notes) VALUES (48, 9, 2, 1, 'Good', NULL) ON CONFLICT DO NOTHING;
INSERT INTO contract_item (contract_line_id, contract_no, item_id, quantity, condition, notes) VALUES (49, 9, 3, 1, 'Good', NULL) ON CONFLICT DO NOTHING;
INSERT INTO contract_item (contract_line_id, contract_no, item_id, quantity, condition, notes) VALUES (50, 9, 4, 1, 'Good', NULL) ON CONFLICT DO NOTHING;
INSERT INTO contract_item (contract_line_id, contract_no, item_id, quantity, condition, notes) VALUES (51, 10, 1, 1, 'Good', NULL) ON CONFLICT DO NOTHING;
INSERT INTO contract_item (contract_line_id, contract_no, item_id, quantity, condition, notes) VALUES (52, 10, 2, 1, 'Good', NULL) ON CONFLICT DO NOTHING;
INSERT INTO contract_item (contract_line_id, contract_no, item_id, quantity, condition, notes) VALUES (53, 10, 3, 1, 'Fair', 'Surface scratch') ON CONFLICT DO NOTHING;
INSERT INTO contract_item (contract_line_id, contract_no, item_id, quantity, condition, notes) VALUES (54, 10, 4, 1, 'Good', NULL) ON CONFLICT DO NOTHING;
INSERT INTO contract_item (contract_line_id, contract_no, item_id, quantity, condition, notes) VALUES (55, 11, 1, 1, 'Good', NULL) ON CONFLICT DO NOTHING;
INSERT INTO contract_item (contract_line_id, contract_no, item_id, quantity, condition, notes) VALUES (56, 11, 2, 1, 'Good', NULL) ON CONFLICT DO NOTHING;
INSERT INTO contract_item (contract_line_id, contract_no, item_id, quantity, condition, notes) VALUES (57, 11, 3, 1, 'Good', NULL) ON CONFLICT DO NOTHING;
INSERT INTO contract_item (contract_line_id, contract_no, item_id, quantity, condition, notes) VALUES (58, 11, 4, 1, 'Fair', 'Remote control missing') ON CONFLICT DO NOTHING;
INSERT INTO contract_item (contract_line_id, contract_no, item_id, quantity, condition, notes) VALUES (59, 12, 1, 1, 'Good', NULL) ON CONFLICT DO NOTHING;
INSERT INTO contract_item (contract_line_id, contract_no, item_id, quantity, condition, notes) VALUES (60, 12, 2, 1, 'Good', NULL) ON CONFLICT DO NOTHING;
INSERT INTO contract_item (contract_line_id, contract_no, item_id, quantity, condition, notes) VALUES (61, 12, 3, 1, 'Good', NULL) ON CONFLICT DO NOTHING;
INSERT INTO contract_item (contract_line_id, contract_no, item_id, quantity, condition, notes) VALUES (62, 12, 4, 1, 'Good', NULL) ON CONFLICT DO NOTHING;
INSERT INTO contract_item (contract_line_id, contract_no, item_id, quantity, condition, notes) VALUES (63, 12, 5, 1, 'Good', NULL) ON CONFLICT DO NOTHING;
INSERT INTO contract_item (contract_line_id, contract_no, item_id, quantity, condition, notes) VALUES (64, 12, 6, 1, 'Good', NULL) ON CONFLICT DO NOTHING;
INSERT INTO contract_item (contract_line_id, contract_no, item_id, quantity, condition, notes) VALUES (65, 13, 1, 1, 'Good', NULL) ON CONFLICT DO NOTHING;
INSERT INTO contract_item (contract_line_id, contract_no, item_id, quantity, condition, notes) VALUES (66, 13, 2, 1, 'Good', NULL) ON CONFLICT DO NOTHING;
INSERT INTO contract_item (contract_line_id, contract_no, item_id, quantity, condition, notes) VALUES (67, 13, 3, 1, 'Good', NULL) ON CONFLICT DO NOTHING;
INSERT INTO contract_item (contract_line_id, contract_no, item_id, quantity, condition, notes) VALUES (68, 13, 4, 1, 'Good', NULL) ON CONFLICT DO NOTHING;
INSERT INTO contract_item (contract_line_id, contract_no, item_id, quantity, condition, notes) VALUES (69, 14, 1, 1, 'Good', NULL) ON CONFLICT DO NOTHING;
INSERT INTO contract_item (contract_line_id, contract_no, item_id, quantity, condition, notes) VALUES (70, 14, 2, 1, 'Good', NULL) ON CONFLICT DO NOTHING;
INSERT INTO contract_item (contract_line_id, contract_no, item_id, quantity, condition, notes) VALUES (71, 14, 3, 1, 'Good', NULL) ON CONFLICT DO NOTHING;
INSERT INTO contract_item (contract_line_id, contract_no, item_id, quantity, condition, notes) VALUES (72, 14, 4, 1, 'Good', NULL) ON CONFLICT DO NOTHING;
INSERT INTO contract_item (contract_line_id, contract_no, item_id, quantity, condition, notes) VALUES (73, 14, 5, 1, 'Good', NULL) ON CONFLICT DO NOTHING;
INSERT INTO contract_item (contract_line_id, contract_no, item_id, quantity, condition, notes) VALUES (74, 14, 6, 1, 'Good', NULL) ON CONFLICT DO NOTHING;
INSERT INTO contract_item (contract_line_id, contract_no, item_id, quantity, condition, notes) VALUES (75, 14, 7, 1, 'Good', NULL) ON CONFLICT DO NOTHING;
INSERT INTO contract_item (contract_line_id, contract_no, item_id, quantity, condition, notes) VALUES (76, 14, 8, 1, 'Good', NULL) ON CONFLICT DO NOTHING;
INSERT INTO contract_item (contract_line_id, contract_no, item_id, quantity, condition, notes) VALUES (77, 15, 1, 1, 'Good', NULL) ON CONFLICT DO NOTHING;
INSERT INTO contract_item (contract_line_id, contract_no, item_id, quantity, condition, notes) VALUES (78, 15, 2, 1, 'Good', NULL) ON CONFLICT DO NOTHING;
INSERT INTO contract_item (contract_line_id, contract_no, item_id, quantity, condition, notes) VALUES (79, 15, 3, 1, 'Good', NULL) ON CONFLICT DO NOTHING;
INSERT INTO contract_item (contract_line_id, contract_no, item_id, quantity, condition, notes) VALUES (80, 15, 4, 1, 'Good', NULL) ON CONFLICT DO NOTHING;
INSERT INTO contract_item (contract_line_id, contract_no, item_id, quantity, condition, notes) VALUES (81, 15, 5, 1, 'Good', NULL) ON CONFLICT DO NOTHING;
INSERT INTO contract_item (contract_line_id, contract_no, item_id, quantity, condition, notes) VALUES (82, 15, 6, 1, 'Good', NULL) ON CONFLICT DO NOTHING;

-- maintenance_ticket (15 rows)
INSERT INTO maintenance_ticket (ticket_no, request_date, tenant_id, room_no, issue_type, priority_level, description, estimated_cost, actual_cost, technician_staff_id, status, completion_date, created_at) VALUES (1, '2026-01-05', 1, 101, 'Plumbing', 'High', 'Water pipe leak under bathroom sink', 1000, 1200, 2, 'Completed', '2026-01-07', '2026-01-05 09:30:00+00') ON CONFLICT DO NOTHING;
INSERT INTO maintenance_ticket (ticket_no, request_date, tenant_id, room_no, issue_type, priority_level, description, estimated_cost, actual_cost, technician_staff_id, status, completion_date, created_at) VALUES (2, '2026-01-12', 3, 201, 'Electrical', 'Urgent', 'Power outlet sparking in living room', 1500, NULL, 3, 'In Progress', NULL, '2026-01-12 09:30:00+00') ON CONFLICT DO NOTHING;
INSERT INTO maintenance_ticket (ticket_no, request_date, tenant_id, room_no, issue_type, priority_level, description, estimated_cost, actual_cost, technician_staff_id, status, completion_date, created_at) VALUES (3, '2026-01-20', 2, 102, 'Furniture', 'Low', 'Wardrobe door hinge broken', 300, NULL, NULL, 'Pending', NULL, '2026-01-20 09:30:00+00') ON CONFLICT DO NOTHING;
INSERT INTO maintenance_ticket (ticket_no, request_date, tenant_id, room_no, issue_type, priority_level, description, estimated_cost, actual_cost, technician_staff_id, status, completion_date, created_at) VALUES (4, '2026-01-28', 9, 302, 'Plumbing', 'Medium', 'Low water pressure in bathroom', 500, NULL, 2, 'In Progress', NULL, '2026-01-28 09:30:00+00') ON CONFLICT DO NOTHING;
INSERT INTO maintenance_ticket (ticket_no, request_date, tenant_id, room_no, issue_type, priority_level, description, estimated_cost, actual_cost, technician_staff_id, status, completion_date, created_at) VALUES (5, '2026-02-03', 5, 301, 'Other', 'Medium', 'Window lock not functioning', 400, NULL, NULL, 'Pending', NULL, '2026-02-03 09:30:00+00') ON CONFLICT DO NOTHING;
INSERT INTO maintenance_ticket (ticket_no, request_date, tenant_id, room_no, issue_type, priority_level, description, estimated_cost, actual_cost, technician_staff_id, status, completion_date, created_at) VALUES (6, '2026-02-08', 7, 203, 'Electrical', 'High', 'Air conditioner not cooling properly', 2000, 3500, 3, 'Completed', '2026-02-12', '2026-02-08 09:30:00+00') ON CONFLICT DO NOTHING;
INSERT INTO maintenance_ticket (ticket_no, request_date, tenant_id, room_no, issue_type, priority_level, description, estimated_cost, actual_cost, technician_staff_id, status, completion_date, created_at) VALUES (7, '2026-02-15', 8, 104, 'Furniture', 'Low', 'Study desk drawer stuck', 200, 500, 5, 'Completed', '2026-02-17', '2026-02-15 09:30:00+00') ON CONFLICT DO NOTHING;
INSERT INTO maintenance_ticket (ticket_no, request_date, tenant_id, room_no, issue_type, priority_level, description, estimated_cost, actual_cost, technician_staff_id, status, completion_date, created_at) VALUES (8, '2026-02-20', 10, 401, 'Plumbing', 'High', 'Toilet cistern overflow', 800, NULL, 2, 'In Progress', NULL, '2026-02-20 09:30:00+00') ON CONFLICT DO NOTHING;
INSERT INTO maintenance_ticket (ticket_no, request_date, tenant_id, room_no, issue_type, priority_level, description, estimated_cost, actual_cost, technician_staff_id, status, completion_date, created_at) VALUES (9, '2026-03-05', 6, 202, 'Other', 'Low', 'Main door squeaking loudly', 150, 800, 5, 'Completed', '2026-03-06', '2026-03-05 09:30:00+00') ON CONFLICT DO NOTHING;
INSERT INTO maintenance_ticket (ticket_no, request_date, tenant_id, room_no, issue_type, priority_level, description, estimated_cost, actual_cost, technician_staff_id, status, completion_date, created_at) VALUES (10, '2026-03-10', 4, 103, 'Electrical', 'Medium', 'Bathroom exhaust fan not working', 600, NULL, 3, 'Pending', NULL, '2026-03-10 09:30:00+00') ON CONFLICT DO NOTHING;
INSERT INTO maintenance_ticket (ticket_no, request_date, tenant_id, room_no, issue_type, priority_level, description, estimated_cost, actual_cost, technician_staff_id, status, completion_date, created_at) VALUES (11, '2026-03-12', 1, 101, 'Plumbing', 'Low', 'Kitchen tap dripping continuously', 300, 350, 2, 'Completed', '2026-03-13', '2026-03-12 09:30:00+00') ON CONFLICT DO NOTHING;
INSERT INTO maintenance_ticket (ticket_no, request_date, tenant_id, room_no, issue_type, priority_level, description, estimated_cost, actual_cost, technician_staff_id, status, completion_date, created_at) VALUES (12, '2026-03-14', 9, 302, 'Furniture', 'Medium', 'Sofa cushion torn and spring broken', 800, NULL, 5, 'Pending', NULL, '2026-03-14 09:30:00+00') ON CONFLICT DO NOTHING;
INSERT INTO maintenance_ticket (ticket_no, request_date, tenant_id, room_no, issue_type, priority_level, description, estimated_cost, actual_cost, technician_staff_id, status, completion_date, created_at) VALUES (13, '2026-03-16', 3, 201, 'Electrical', 'High', 'Main circuit breaker tripping repeatedly', 2500, 2800, 3, 'Completed', '2026-03-18', '2026-03-16 09:30:00+00') ON CONFLICT DO NOTHING;
INSERT INTO maintenance_ticket (ticket_no, request_date, tenant_id, room_no, issue_type, priority_level, description, estimated_cost, actual_cost, technician_staff_id, status, completion_date, created_at) VALUES (14, '2026-03-18', 6, 202, 'Plumbing', 'Urgent', 'Bathroom floor drain severely blocked', 1200, NULL, 2, 'In Progress', NULL, '2026-03-18 09:30:00+00') ON CONFLICT DO NOTHING;
INSERT INTO maintenance_ticket (ticket_no, request_date, tenant_id, room_no, issue_type, priority_level, description, estimated_cost, actual_cost, technician_staff_id, status, completion_date, created_at) VALUES (15, '2026-03-20', 5, 301, 'Other', 'Low', 'Hallway ceiling light flickering', 200, 200, 5, 'Completed', '2026-03-21', '2026-03-20 09:30:00+00') ON CONFLICT DO NOTHING;

-- monthly_billing (29 rows)
INSERT INTO monthly_billing (bill_no, bill_date, billing_month, tenant_id, room_no, due_date, total_bill_amount, total_paid, balance_due, status, created_at) VALUES (1, '2026-01-03', '2026-01', 1, 101, '2026-01-10', 5760, 5760, 0.00, 'Fully Paid', '2026-01-03 08:00:00+00') ON CONFLICT DO NOTHING;
INSERT INTO monthly_billing (bill_no, bill_date, billing_month, tenant_id, room_no, due_date, total_bill_amount, total_paid, balance_due, status, created_at) VALUES (2, '2026-01-03', '2026-01', 2, 102, '2026-01-10', 5680, 2000, 3680.00, 'Partially Paid', '2026-01-03 08:00:00+00') ON CONFLICT DO NOTHING;
INSERT INTO monthly_billing (bill_no, bill_date, billing_month, tenant_id, room_no, due_date, total_bill_amount, total_paid, balance_due, status, created_at) VALUES (3, '2026-01-03', '2026-01', 3, 201, '2026-01-10', 7560, 0, 7560.00, 'Unpaid', '2026-01-03 08:00:00+00') ON CONFLICT DO NOTHING;
INSERT INTO monthly_billing (bill_no, bill_date, billing_month, tenant_id, room_no, due_date, total_bill_amount, total_paid, balance_due, status, created_at) VALUES (4, '2026-01-03', '2026-01', 6, 202, '2026-01-10', 7410, 7410, 0.00, 'Fully Paid', '2026-01-03 08:00:00+00') ON CONFLICT DO NOTHING;
INSERT INTO monthly_billing (bill_no, bill_date, billing_month, tenant_id, room_no, due_date, total_bill_amount, total_paid, balance_due, status, created_at) VALUES (5, '2026-01-03', '2026-01', 7, 203, '2026-01-20', 7410, 3000, 4410.00, 'Partially Paid', '2026-01-03 08:00:00+00') ON CONFLICT DO NOTHING;
INSERT INTO monthly_billing (bill_no, bill_date, billing_month, tenant_id, room_no, due_date, total_bill_amount, total_paid, balance_due, status, created_at) VALUES (6, '2026-01-03', '2026-01', 9, 302, '2026-01-10', 10360, 10360, 0.00, 'Fully Paid', '2026-01-03 08:00:00+00') ON CONFLICT DO NOTHING;
INSERT INTO monthly_billing (bill_no, bill_date, billing_month, tenant_id, room_no, due_date, total_bill_amount, total_paid, balance_due, status, created_at) VALUES (7, '2026-02-03', '2026-02', 1, 101, '2026-02-10', 5690, 5690, 0.00, 'Fully Paid', '2026-02-03 08:00:00+00') ON CONFLICT DO NOTHING;
INSERT INTO monthly_billing (bill_no, bill_date, billing_month, tenant_id, room_no, due_date, total_bill_amount, total_paid, balance_due, status, created_at) VALUES (8, '2026-02-03', '2026-02', 2, 102, '2026-02-10', 5610, 5610, 0.00, 'Fully Paid', '2026-02-03 08:00:00+00') ON CONFLICT DO NOTHING;
INSERT INTO monthly_billing (bill_no, bill_date, billing_month, tenant_id, room_no, due_date, total_bill_amount, total_paid, balance_due, status, created_at) VALUES (9, '2026-02-03', '2026-02', 3, 201, '2026-02-10', 7990, 0, 7990.00, 'Unpaid', '2026-02-03 08:00:00+00') ON CONFLICT DO NOTHING;
INSERT INTO monthly_billing (bill_no, bill_date, billing_month, tenant_id, room_no, due_date, total_bill_amount, total_paid, balance_due, status, created_at) VALUES (10, '2026-02-03', '2026-02', 6, 202, '2026-02-10', 7410, 7410, 0.00, 'Fully Paid', '2026-02-03 08:00:00+00') ON CONFLICT DO NOTHING;
INSERT INTO monthly_billing (bill_no, bill_date, billing_month, tenant_id, room_no, due_date, total_bill_amount, total_paid, balance_due, status, created_at) VALUES (11, '2026-02-03', '2026-02', 7, 203, '2026-02-10', 7910, 3000, 4910.00, 'Partially Paid', '2026-02-03 08:00:00+00') ON CONFLICT DO NOTHING;
INSERT INTO monthly_billing (bill_no, bill_date, billing_month, tenant_id, room_no, due_date, total_bill_amount, total_paid, balance_due, status, created_at) VALUES (12, '2026-02-03', '2026-02', 9, 302, '2026-02-10', 13560, 13560, 0.00, 'Fully Paid', '2026-02-03 08:00:00+00') ON CONFLICT DO NOTHING;
INSERT INTO monthly_billing (bill_no, bill_date, billing_month, tenant_id, room_no, due_date, total_bill_amount, total_paid, balance_due, status, created_at) VALUES (13, '2026-02-03', '2026-02', 5, 301, '2026-02-10', 10510, 10510, 0.00, 'Fully Paid', '2026-02-03 08:00:00+00') ON CONFLICT DO NOTHING;
INSERT INTO monthly_billing (bill_no, bill_date, billing_month, tenant_id, room_no, due_date, total_bill_amount, total_paid, balance_due, status, created_at) VALUES (14, '2026-02-17', '2026-02', 8, 104, '2026-02-28', 5610, 0, 5610.00, 'Unpaid', '2026-02-17 08:00:00+00') ON CONFLICT DO NOTHING;
INSERT INTO monthly_billing (bill_no, bill_date, billing_month, tenant_id, room_no, due_date, total_bill_amount, total_paid, balance_due, status, created_at) VALUES (15, '2026-02-03', '2026-02', 10, 401, '2026-02-10', 5610, 5610, 0.00, 'Fully Paid', '2026-02-03 08:00:00+00') ON CONFLICT DO NOTHING;
INSERT INTO monthly_billing (bill_no, bill_date, billing_month, tenant_id, room_no, due_date, total_bill_amount, total_paid, balance_due, status, created_at) VALUES (16, '2026-03-03', '2026-03', 1, 101, '2026-03-10', 5760, 5760, 0.00, 'Fully Paid', '2026-03-03 08:00:00+00') ON CONFLICT DO NOTHING;
INSERT INTO monthly_billing (bill_no, bill_date, billing_month, tenant_id, room_no, due_date, total_bill_amount, total_paid, balance_due, status, created_at) VALUES (17, '2026-03-03', '2026-03', 2, 102, '2026-03-10', 5680, 0, 5680.00, 'Unpaid', '2026-03-03 08:00:00+00') ON CONFLICT DO NOTHING;
INSERT INTO monthly_billing (bill_no, bill_date, billing_month, tenant_id, room_no, due_date, total_bill_amount, total_paid, balance_due, status, created_at) VALUES (18, '2026-03-03', '2026-03', 3, 201, '2026-03-10', 8060, 0, 8060.00, 'Unpaid', '2026-03-03 08:00:00+00') ON CONFLICT DO NOTHING;
INSERT INTO monthly_billing (bill_no, bill_date, billing_month, tenant_id, room_no, due_date, total_bill_amount, total_paid, balance_due, status, created_at) VALUES (19, '2026-03-03', '2026-03', 6, 202, '2026-03-10', 7410, 7410, 0.00, 'Fully Paid', '2026-03-03 08:00:00+00') ON CONFLICT DO NOTHING;
INSERT INTO monthly_billing (bill_no, bill_date, billing_month, tenant_id, room_no, due_date, total_bill_amount, total_paid, balance_due, status, created_at) VALUES (20, '2026-03-03', '2026-03', 7, 203, '2026-03-10', 7410, 3000, 4410.00, 'Partially Paid', '2026-03-03 08:00:00+00') ON CONFLICT DO NOTHING;
INSERT INTO monthly_billing (bill_no, bill_date, billing_month, tenant_id, room_no, due_date, total_bill_amount, total_paid, balance_due, status, created_at) VALUES (21, '2026-03-03', '2026-03', 9, 302, '2026-03-10', 10360, 10360, 0.00, 'Fully Paid', '2026-03-03 08:00:00+00') ON CONFLICT DO NOTHING;
INSERT INTO monthly_billing (bill_no, bill_date, billing_month, tenant_id, room_no, due_date, total_bill_amount, total_paid, balance_due, status, created_at) VALUES (22, '2026-03-03', '2026-03', 5, 301, '2026-03-10', 13710, 13710, 0.00, 'Fully Paid', '2026-03-03 08:00:00+00') ON CONFLICT DO NOTHING;
INSERT INTO monthly_billing (bill_no, bill_date, billing_month, tenant_id, room_no, due_date, total_bill_amount, total_paid, balance_due, status, created_at) VALUES (23, '2026-03-03', '2026-03', 8, 104, '2026-03-31', 5610, 0, 5610.00, 'Unpaid', '2026-03-03 08:00:00+00') ON CONFLICT DO NOTHING;
INSERT INTO monthly_billing (bill_no, bill_date, billing_month, tenant_id, room_no, due_date, total_bill_amount, total_paid, balance_due, status, created_at) VALUES (24, '2026-03-03', '2026-03', 10, 401, '2026-03-10', 5610, 2000, 3610.00, 'Partially Paid', '2026-03-03 08:00:00+00') ON CONFLICT DO NOTHING;
INSERT INTO monthly_billing (bill_no, bill_date, billing_month, tenant_id, room_no, due_date, total_bill_amount, total_paid, balance_due, status, created_at) VALUES (25, '2026-03-03', '2026-03', 4, 103, '2026-03-10', 5690, 0, 5690.00, 'Unpaid', '2026-03-03 08:00:00+00') ON CONFLICT DO NOTHING;
INSERT INTO monthly_billing (bill_no, bill_date, billing_month, tenant_id, room_no, due_date, total_bill_amount, total_paid, balance_due, status, created_at) VALUES (26, '2026-03-10', '2026-03', 12, 204, '2026-03-20', 7410, 7410, 0.00, 'Fully Paid', '2026-03-10 08:00:00+00') ON CONFLICT DO NOTHING;
INSERT INTO monthly_billing (bill_no, bill_date, billing_month, tenant_id, room_no, due_date, total_bill_amount, total_paid, balance_due, status, created_at) VALUES (27, '2026-03-10', '2026-03', 13, 105, '2026-03-20', 5760, 0, 5760.00, 'Unpaid', '2026-03-10 08:00:00+00') ON CONFLICT DO NOTHING;
INSERT INTO monthly_billing (bill_no, bill_date, billing_month, tenant_id, room_no, due_date, total_bill_amount, total_paid, balance_due, status, created_at) VALUES (28, '2026-03-15', '2026-03', 14, 303, '2026-03-25', 10360, 10360, 0.00, 'Fully Paid', '2026-03-15 08:00:00+00') ON CONFLICT DO NOTHING;
INSERT INTO monthly_billing (bill_no, bill_date, billing_month, tenant_id, room_no, due_date, total_bill_amount, total_paid, balance_due, status, created_at) VALUES (29, '2026-03-20', '2026-03', 15, 205, '2026-03-31', 7410, 0, 7410.00, 'Unpaid', '2026-03-20 08:00:00+00') ON CONFLICT DO NOTHING;

-- monthly_bill_line (121 rows)
INSERT INTO monthly_bill_line (bill_line_id, bill_no, product_code, description, quantity, unit_price, amount, notes) VALUES (1, 1, 'RENT01', 'Monthly Rent 2026-01', 1, 4500, 4500, NULL) ON CONFLICT DO NOTHING;
INSERT INTO monthly_bill_line (bill_line_id, bill_no, product_code, description, quantity, unit_price, amount, notes) VALUES (2, 1, 'ELEC01', 'Electricity 120 units', 120, 3.5, 420, 'Meter 1100→1220') ON CONFLICT DO NOTHING;
INSERT INTO monthly_bill_line (bill_line_id, bill_no, product_code, description, quantity, unit_price, amount, notes) VALUES (3, 1, 'WATER01', 'Water 5 units', 5, 80, 400, NULL) ON CONFLICT DO NOTHING;
INSERT INTO monthly_bill_line (bill_line_id, bill_no, product_code, description, quantity, unit_price, amount, notes) VALUES (4, 1, 'INET01', 'Internet (Fixed Monthly)', 1, 440, 440, NULL) ON CONFLICT DO NOTHING;
INSERT INTO monthly_bill_line (bill_line_id, bill_no, product_code, description, quantity, unit_price, amount, notes) VALUES (5, 2, 'RENT01', 'Monthly Rent 2026-01', 1, 4500, 4500, NULL) ON CONFLICT DO NOTHING;
INSERT INTO monthly_bill_line (bill_line_id, bill_no, product_code, description, quantity, unit_price, amount, notes) VALUES (6, 2, 'ELEC01', 'Electricity 120 units', 120, 3.5, 420, 'Meter 800→920') ON CONFLICT DO NOTHING;
INSERT INTO monthly_bill_line (bill_line_id, bill_no, product_code, description, quantity, unit_price, amount, notes) VALUES (7, 2, 'WATER01', 'Water 4 units', 4, 80, 320, NULL) ON CONFLICT DO NOTHING;
INSERT INTO monthly_bill_line (bill_line_id, bill_no, product_code, description, quantity, unit_price, amount, notes) VALUES (8, 2, 'INET01', 'Internet (Fixed Monthly)', 1, 440, 440, NULL) ON CONFLICT DO NOTHING;
INSERT INTO monthly_bill_line (bill_line_id, bill_no, product_code, description, quantity, unit_price, amount, notes) VALUES (9, 3, 'RENT01', 'Monthly Rent 2026-01', 1, 6000, 6000, NULL) ON CONFLICT DO NOTHING;
INSERT INTO monthly_bill_line (bill_line_id, bill_no, product_code, description, quantity, unit_price, amount, notes) VALUES (10, 3, 'ELEC01', 'Electricity 160 units', 160, 3.5, 560, 'Meter 2000→2160') ON CONFLICT DO NOTHING;
INSERT INTO monthly_bill_line (bill_line_id, bill_no, product_code, description, quantity, unit_price, amount, notes) VALUES (11, 3, 'WATER01', 'Water 7 units', 7, 80, 560, NULL) ON CONFLICT DO NOTHING;
INSERT INTO monthly_bill_line (bill_line_id, bill_no, product_code, description, quantity, unit_price, amount, notes) VALUES (12, 3, 'INET01', 'Internet (Fixed Monthly)', 1, 440, 440, NULL) ON CONFLICT DO NOTHING;
INSERT INTO monthly_bill_line (bill_line_id, bill_no, product_code, description, quantity, unit_price, amount, notes) VALUES (13, 4, 'RENT01', 'Monthly Rent 2026-01', 1, 6000, 6000, NULL) ON CONFLICT DO NOTHING;
INSERT INTO monthly_bill_line (bill_line_id, bill_no, product_code, description, quantity, unit_price, amount, notes) VALUES (14, 4, 'ELEC01', 'Electricity 140 units', 140, 3.5, 490, 'Meter 1500→1640') ON CONFLICT DO NOTHING;
INSERT INTO monthly_bill_line (bill_line_id, bill_no, product_code, description, quantity, unit_price, amount, notes) VALUES (15, 4, 'WATER01', 'Water 6 units', 6, 80, 480, NULL) ON CONFLICT DO NOTHING;
INSERT INTO monthly_bill_line (bill_line_id, bill_no, product_code, description, quantity, unit_price, amount, notes) VALUES (16, 4, 'INET01', 'Internet (Fixed Monthly)', 1, 440, 440, NULL) ON CONFLICT DO NOTHING;
INSERT INTO monthly_bill_line (bill_line_id, bill_no, product_code, description, quantity, unit_price, amount, notes) VALUES (17, 5, 'RENT01', 'Monthly Rent 2026-01', 1, 6000, 6000, NULL) ON CONFLICT DO NOTHING;
INSERT INTO monthly_bill_line (bill_line_id, bill_no, product_code, description, quantity, unit_price, amount, notes) VALUES (18, 5, 'ELEC01', 'Electricity 140 units', 140, 3.5, 490, 'Meter 1200→1340') ON CONFLICT DO NOTHING;
INSERT INTO monthly_bill_line (bill_line_id, bill_no, product_code, description, quantity, unit_price, amount, notes) VALUES (19, 5, 'WATER01', 'Water 6 units', 6, 80, 480, NULL) ON CONFLICT DO NOTHING;
INSERT INTO monthly_bill_line (bill_line_id, bill_no, product_code, description, quantity, unit_price, amount, notes) VALUES (20, 5, 'INET01', 'Internet (Fixed Monthly)', 1, 440, 440, NULL) ON CONFLICT DO NOTHING;
INSERT INTO monthly_bill_line (bill_line_id, bill_no, product_code, description, quantity, unit_price, amount, notes) VALUES (21, 6, 'RENT01', 'Monthly Rent 2026-01', 1, 8500, 8500, NULL) ON CONFLICT DO NOTHING;
INSERT INTO monthly_bill_line (bill_line_id, bill_no, product_code, description, quantity, unit_price, amount, notes) VALUES (22, 6, 'ELEC01', 'Electricity 200 units', 200, 3.5, 700, 'Meter 3000→3200') ON CONFLICT DO NOTHING;
INSERT INTO monthly_bill_line (bill_line_id, bill_no, product_code, description, quantity, unit_price, amount, notes) VALUES (23, 6, 'WATER01', 'Water 9 units', 9, 80, 720, NULL) ON CONFLICT DO NOTHING;
INSERT INTO monthly_bill_line (bill_line_id, bill_no, product_code, description, quantity, unit_price, amount, notes) VALUES (24, 6, 'INET01', 'Internet (Fixed Monthly)', 1, 440, 440, NULL) ON CONFLICT DO NOTHING;
INSERT INTO monthly_bill_line (bill_line_id, bill_no, product_code, description, quantity, unit_price, amount, notes) VALUES (25, 7, 'RENT01', 'Monthly Rent 2026-02', 1, 4500, 4500, NULL) ON CONFLICT DO NOTHING;
INSERT INTO monthly_bill_line (bill_line_id, bill_no, product_code, description, quantity, unit_price, amount, notes) VALUES (26, 7, 'ELEC01', 'Electricity 100 units', 100, 3.5, 350, 'Meter 1220→1320') ON CONFLICT DO NOTHING;
INSERT INTO monthly_bill_line (bill_line_id, bill_no, product_code, description, quantity, unit_price, amount, notes) VALUES (27, 7, 'WATER01', 'Water 5 units', 5, 80, 400, NULL) ON CONFLICT DO NOTHING;
INSERT INTO monthly_bill_line (bill_line_id, bill_no, product_code, description, quantity, unit_price, amount, notes) VALUES (28, 7, 'INET01', 'Internet (Fixed Monthly)', 1, 440, 440, NULL) ON CONFLICT DO NOTHING;
INSERT INTO monthly_bill_line (bill_line_id, bill_no, product_code, description, quantity, unit_price, amount, notes) VALUES (29, 8, 'RENT01', 'Monthly Rent 2026-02', 1, 4500, 4500, NULL) ON CONFLICT DO NOTHING;
INSERT INTO monthly_bill_line (bill_line_id, bill_no, product_code, description, quantity, unit_price, amount, notes) VALUES (30, 8, 'ELEC01', 'Electricity 100 units', 100, 3.5, 350, 'Meter 920→1020') ON CONFLICT DO NOTHING;
INSERT INTO monthly_bill_line (bill_line_id, bill_no, product_code, description, quantity, unit_price, amount, notes) VALUES (31, 8, 'WATER01', 'Water 4 units', 4, 80, 320, NULL) ON CONFLICT DO NOTHING;
INSERT INTO monthly_bill_line (bill_line_id, bill_no, product_code, description, quantity, unit_price, amount, notes) VALUES (32, 8, 'INET01', 'Internet (Fixed Monthly)', 1, 440, 440, NULL) ON CONFLICT DO NOTHING;
INSERT INTO monthly_bill_line (bill_line_id, bill_no, product_code, description, quantity, unit_price, amount, notes) VALUES (33, 9, 'RENT01', 'Monthly Rent 2026-02', 1, 6000, 6000, NULL) ON CONFLICT DO NOTHING;
INSERT INTO monthly_bill_line (bill_line_id, bill_no, product_code, description, quantity, unit_price, amount, notes) VALUES (34, 9, 'ELEC01', 'Electricity 140 units', 140, 3.5, 490, 'Meter 2160→2300') ON CONFLICT DO NOTHING;
INSERT INTO monthly_bill_line (bill_line_id, bill_no, product_code, description, quantity, unit_price, amount, notes) VALUES (35, 9, 'WATER01', 'Water 7 units', 7, 80, 560, NULL) ON CONFLICT DO NOTHING;
INSERT INTO monthly_bill_line (bill_line_id, bill_no, product_code, description, quantity, unit_price, amount, notes) VALUES (36, 9, 'INET01', 'Internet (Fixed Monthly)', 1, 440, 440, NULL) ON CONFLICT DO NOTHING;
INSERT INTO monthly_bill_line (bill_line_id, bill_no, product_code, description, quantity, unit_price, amount, notes) VALUES (37, 9, 'FINE01', 'Late Payment Fine', 1, 500, 500, 'Overdue from 2026-01') ON CONFLICT DO NOTHING;
INSERT INTO monthly_bill_line (bill_line_id, bill_no, product_code, description, quantity, unit_price, amount, notes) VALUES (38, 10, 'RENT01', 'Monthly Rent 2026-02', 1, 6000, 6000, NULL) ON CONFLICT DO NOTHING;
INSERT INTO monthly_bill_line (bill_line_id, bill_no, product_code, description, quantity, unit_price, amount, notes) VALUES (39, 10, 'ELEC01', 'Electricity 140 units', 140, 3.5, 490, 'Meter 1640→1780') ON CONFLICT DO NOTHING;
INSERT INTO monthly_bill_line (bill_line_id, bill_no, product_code, description, quantity, unit_price, amount, notes) VALUES (40, 10, 'WATER01', 'Water 6 units', 6, 80, 480, NULL) ON CONFLICT DO NOTHING;
INSERT INTO monthly_bill_line (bill_line_id, bill_no, product_code, description, quantity, unit_price, amount, notes) VALUES (41, 10, 'INET01', 'Internet (Fixed Monthly)', 1, 440, 440, NULL) ON CONFLICT DO NOTHING;
INSERT INTO monthly_bill_line (bill_line_id, bill_no, product_code, description, quantity, unit_price, amount, notes) VALUES (42, 11, 'RENT01', 'Monthly Rent 2026-02', 1, 6000, 6000, NULL) ON CONFLICT DO NOTHING;
INSERT INTO monthly_bill_line (bill_line_id, bill_no, product_code, description, quantity, unit_price, amount, notes) VALUES (43, 11, 'ELEC01', 'Electricity 140 units', 140, 3.5, 490, 'Meter 1340→1480') ON CONFLICT DO NOTHING;
INSERT INTO monthly_bill_line (bill_line_id, bill_no, product_code, description, quantity, unit_price, amount, notes) VALUES (44, 11, 'WATER01', 'Water 6 units', 6, 80, 480, NULL) ON CONFLICT DO NOTHING;
INSERT INTO monthly_bill_line (bill_line_id, bill_no, product_code, description, quantity, unit_price, amount, notes) VALUES (45, 11, 'INET01', 'Internet (Fixed Monthly)', 1, 440, 440, NULL) ON CONFLICT DO NOTHING;
INSERT INTO monthly_bill_line (bill_line_id, bill_no, product_code, description, quantity, unit_price, amount, notes) VALUES (46, 11, 'FINE01', 'Late Payment Fine', 1, 500, 500, 'Overdue from 2026-01') ON CONFLICT DO NOTHING;
INSERT INTO monthly_bill_line (bill_line_id, bill_no, product_code, description, quantity, unit_price, amount, notes) VALUES (47, 12, 'RENT01', 'Monthly Rent 2026-02', 1, 8500, 8500, NULL) ON CONFLICT DO NOTHING;
INSERT INTO monthly_bill_line (bill_line_id, bill_no, product_code, description, quantity, unit_price, amount, notes) VALUES (48, 12, 'ELEC01', 'Electricity 200 units', 200, 3.5, 700, 'Meter 3200→3400') ON CONFLICT DO NOTHING;
INSERT INTO monthly_bill_line (bill_line_id, bill_no, product_code, description, quantity, unit_price, amount, notes) VALUES (49, 12, 'WATER01', 'Water 9 units', 9, 80, 720, NULL) ON CONFLICT DO NOTHING;
INSERT INTO monthly_bill_line (bill_line_id, bill_no, product_code, description, quantity, unit_price, amount, notes) VALUES (50, 12, 'INET01', 'Internet (Fixed Monthly)', 1, 440, 440, NULL) ON CONFLICT DO NOTHING;
INSERT INTO monthly_bill_line (bill_line_id, bill_no, product_code, description, quantity, unit_price, amount, notes) VALUES (51, 12, 'MAINT01', 'Maintenance / Repair Charge', 1, 3200, 3200, 'Scheduled repair work') ON CONFLICT DO NOTHING;
INSERT INTO monthly_bill_line (bill_line_id, bill_no, product_code, description, quantity, unit_price, amount, notes) VALUES (52, 13, 'RENT01', 'Monthly Rent 2026-02', 1, 8500, 8500, NULL) ON CONFLICT DO NOTHING;
INSERT INTO monthly_bill_line (bill_line_id, bill_no, product_code, description, quantity, unit_price, amount, notes) VALUES (53, 13, 'ELEC01', 'Electricity 220 units', 220, 3.5, 770, 'Meter 4000→4220') ON CONFLICT DO NOTHING;
INSERT INTO monthly_bill_line (bill_line_id, bill_no, product_code, description, quantity, unit_price, amount, notes) VALUES (54, 13, 'WATER01', 'Water 10 units', 10, 80, 800, NULL) ON CONFLICT DO NOTHING;
INSERT INTO monthly_bill_line (bill_line_id, bill_no, product_code, description, quantity, unit_price, amount, notes) VALUES (55, 13, 'INET01', 'Internet (Fixed Monthly)', 1, 440, 440, NULL) ON CONFLICT DO NOTHING;
INSERT INTO monthly_bill_line (bill_line_id, bill_no, product_code, description, quantity, unit_price, amount, notes) VALUES (56, 14, 'RENT01', 'Monthly Rent 2026-02', 1, 4500, 4500, NULL) ON CONFLICT DO NOTHING;
INSERT INTO monthly_bill_line (bill_line_id, bill_no, product_code, description, quantity, unit_price, amount, notes) VALUES (57, 14, 'ELEC01', 'Electricity 100 units', 100, 3.5, 350, 'Meter 0→100') ON CONFLICT DO NOTHING;
INSERT INTO monthly_bill_line (bill_line_id, bill_no, product_code, description, quantity, unit_price, amount, notes) VALUES (58, 14, 'WATER01', 'Water 4 units', 4, 80, 320, NULL) ON CONFLICT DO NOTHING;
INSERT INTO monthly_bill_line (bill_line_id, bill_no, product_code, description, quantity, unit_price, amount, notes) VALUES (59, 14, 'INET01', 'Internet (Fixed Monthly)', 1, 440, 440, NULL) ON CONFLICT DO NOTHING;
INSERT INTO monthly_bill_line (bill_line_id, bill_no, product_code, description, quantity, unit_price, amount, notes) VALUES (60, 15, 'RENT01', 'Monthly Rent 2026-02', 1, 4500, 4500, NULL) ON CONFLICT DO NOTHING;
INSERT INTO monthly_bill_line (bill_line_id, bill_no, product_code, description, quantity, unit_price, amount, notes) VALUES (61, 15, 'ELEC01', 'Electricity 100 units', 100, 3.5, 350, 'Meter 500→600') ON CONFLICT DO NOTHING;
INSERT INTO monthly_bill_line (bill_line_id, bill_no, product_code, description, quantity, unit_price, amount, notes) VALUES (62, 15, 'WATER01', 'Water 4 units', 4, 80, 320, NULL) ON CONFLICT DO NOTHING;
INSERT INTO monthly_bill_line (bill_line_id, bill_no, product_code, description, quantity, unit_price, amount, notes) VALUES (63, 15, 'INET01', 'Internet (Fixed Monthly)', 1, 440, 440, NULL) ON CONFLICT DO NOTHING;
INSERT INTO monthly_bill_line (bill_line_id, bill_no, product_code, description, quantity, unit_price, amount, notes) VALUES (64, 16, 'RENT01', 'Monthly Rent 2026-03', 1, 4500, 4500, NULL) ON CONFLICT DO NOTHING;
INSERT INTO monthly_bill_line (bill_line_id, bill_no, product_code, description, quantity, unit_price, amount, notes) VALUES (65, 16, 'ELEC01', 'Electricity 120 units', 120, 3.5, 420, 'Meter 1320→1440') ON CONFLICT DO NOTHING;
INSERT INTO monthly_bill_line (bill_line_id, bill_no, product_code, description, quantity, unit_price, amount, notes) VALUES (66, 16, 'WATER01', 'Water 5 units', 5, 80, 400, NULL) ON CONFLICT DO NOTHING;
INSERT INTO monthly_bill_line (bill_line_id, bill_no, product_code, description, quantity, unit_price, amount, notes) VALUES (67, 16, 'INET01', 'Internet (Fixed Monthly)', 1, 440, 440, NULL) ON CONFLICT DO NOTHING;
INSERT INTO monthly_bill_line (bill_line_id, bill_no, product_code, description, quantity, unit_price, amount, notes) VALUES (68, 17, 'RENT01', 'Monthly Rent 2026-03', 1, 4500, 4500, NULL) ON CONFLICT DO NOTHING;
INSERT INTO monthly_bill_line (bill_line_id, bill_no, product_code, description, quantity, unit_price, amount, notes) VALUES (69, 17, 'ELEC01', 'Electricity 120 units', 120, 3.5, 420, 'Meter 1020→1140') ON CONFLICT DO NOTHING;
INSERT INTO monthly_bill_line (bill_line_id, bill_no, product_code, description, quantity, unit_price, amount, notes) VALUES (70, 17, 'WATER01', 'Water 4 units', 4, 80, 320, NULL) ON CONFLICT DO NOTHING;
INSERT INTO monthly_bill_line (bill_line_id, bill_no, product_code, description, quantity, unit_price, amount, notes) VALUES (71, 17, 'INET01', 'Internet (Fixed Monthly)', 1, 440, 440, NULL) ON CONFLICT DO NOTHING;
INSERT INTO monthly_bill_line (bill_line_id, bill_no, product_code, description, quantity, unit_price, amount, notes) VALUES (72, 18, 'RENT01', 'Monthly Rent 2026-03', 1, 6000, 6000, NULL) ON CONFLICT DO NOTHING;
INSERT INTO monthly_bill_line (bill_line_id, bill_no, product_code, description, quantity, unit_price, amount, notes) VALUES (73, 18, 'ELEC01', 'Electricity 160 units', 160, 3.5, 560, 'Meter 2300→2460') ON CONFLICT DO NOTHING;
INSERT INTO monthly_bill_line (bill_line_id, bill_no, product_code, description, quantity, unit_price, amount, notes) VALUES (74, 18, 'WATER01', 'Water 7 units', 7, 80, 560, NULL) ON CONFLICT DO NOTHING;
INSERT INTO monthly_bill_line (bill_line_id, bill_no, product_code, description, quantity, unit_price, amount, notes) VALUES (75, 18, 'INET01', 'Internet (Fixed Monthly)', 1, 440, 440, NULL) ON CONFLICT DO NOTHING;
INSERT INTO monthly_bill_line (bill_line_id, bill_no, product_code, description, quantity, unit_price, amount, notes) VALUES (76, 18, 'FINE01', 'Late Payment Fine', 1, 500, 500, 'Overdue from 2026-01 and 2026-02') ON CONFLICT DO NOTHING;
INSERT INTO monthly_bill_line (bill_line_id, bill_no, product_code, description, quantity, unit_price, amount, notes) VALUES (77, 19, 'RENT01', 'Monthly Rent 2026-03', 1, 6000, 6000, NULL) ON CONFLICT DO NOTHING;
INSERT INTO monthly_bill_line (bill_line_id, bill_no, product_code, description, quantity, unit_price, amount, notes) VALUES (78, 19, 'ELEC01', 'Electricity 140 units', 140, 3.5, 490, 'Meter 1780→1920') ON CONFLICT DO NOTHING;
INSERT INTO monthly_bill_line (bill_line_id, bill_no, product_code, description, quantity, unit_price, amount, notes) VALUES (79, 19, 'WATER01', 'Water 6 units', 6, 80, 480, NULL) ON CONFLICT DO NOTHING;
INSERT INTO monthly_bill_line (bill_line_id, bill_no, product_code, description, quantity, unit_price, amount, notes) VALUES (80, 19, 'INET01', 'Internet (Fixed Monthly)', 1, 440, 440, NULL) ON CONFLICT DO NOTHING;
INSERT INTO monthly_bill_line (bill_line_id, bill_no, product_code, description, quantity, unit_price, amount, notes) VALUES (81, 20, 'RENT01', 'Monthly Rent 2026-03', 1, 6000, 6000, NULL) ON CONFLICT DO NOTHING;
INSERT INTO monthly_bill_line (bill_line_id, bill_no, product_code, description, quantity, unit_price, amount, notes) VALUES (82, 20, 'ELEC01', 'Electricity 140 units', 140, 3.5, 490, 'Meter 1480→1620') ON CONFLICT DO NOTHING;
INSERT INTO monthly_bill_line (bill_line_id, bill_no, product_code, description, quantity, unit_price, amount, notes) VALUES (83, 20, 'WATER01', 'Water 6 units', 6, 80, 480, NULL) ON CONFLICT DO NOTHING;
INSERT INTO monthly_bill_line (bill_line_id, bill_no, product_code, description, quantity, unit_price, amount, notes) VALUES (84, 20, 'INET01', 'Internet (Fixed Monthly)', 1, 440, 440, NULL) ON CONFLICT DO NOTHING;
INSERT INTO monthly_bill_line (bill_line_id, bill_no, product_code, description, quantity, unit_price, amount, notes) VALUES (85, 21, 'RENT01', 'Monthly Rent 2026-03', 1, 8500, 8500, NULL) ON CONFLICT DO NOTHING;
INSERT INTO monthly_bill_line (bill_line_id, bill_no, product_code, description, quantity, unit_price, amount, notes) VALUES (86, 21, 'ELEC01', 'Electricity 200 units', 200, 3.5, 700, 'Meter 3400→3600') ON CONFLICT DO NOTHING;
INSERT INTO monthly_bill_line (bill_line_id, bill_no, product_code, description, quantity, unit_price, amount, notes) VALUES (87, 21, 'WATER01', 'Water 9 units', 9, 80, 720, NULL) ON CONFLICT DO NOTHING;
INSERT INTO monthly_bill_line (bill_line_id, bill_no, product_code, description, quantity, unit_price, amount, notes) VALUES (88, 21, 'INET01', 'Internet (Fixed Monthly)', 1, 440, 440, NULL) ON CONFLICT DO NOTHING;
INSERT INTO monthly_bill_line (bill_line_id, bill_no, product_code, description, quantity, unit_price, amount, notes) VALUES (89, 22, 'RENT01', 'Monthly Rent 2026-03', 1, 8500, 8500, NULL) ON CONFLICT DO NOTHING;
INSERT INTO monthly_bill_line (bill_line_id, bill_no, product_code, description, quantity, unit_price, amount, notes) VALUES (90, 22, 'ELEC01', 'Electricity 220 units', 220, 3.5, 770, 'Meter 4220→4440') ON CONFLICT DO NOTHING;
INSERT INTO monthly_bill_line (bill_line_id, bill_no, product_code, description, quantity, unit_price, amount, notes) VALUES (91, 22, 'WATER01', 'Water 10 units', 10, 80, 800, NULL) ON CONFLICT DO NOTHING;
INSERT INTO monthly_bill_line (bill_line_id, bill_no, product_code, description, quantity, unit_price, amount, notes) VALUES (92, 22, 'INET01', 'Internet (Fixed Monthly)', 1, 440, 440, NULL) ON CONFLICT DO NOTHING;
INSERT INTO monthly_bill_line (bill_line_id, bill_no, product_code, description, quantity, unit_price, amount, notes) VALUES (93, 22, 'MAINT01', 'Maintenance / Repair Charge', 1, 3200, 3200, 'Scheduled repair work') ON CONFLICT DO NOTHING;
INSERT INTO monthly_bill_line (bill_line_id, bill_no, product_code, description, quantity, unit_price, amount, notes) VALUES (94, 23, 'RENT01', 'Monthly Rent 2026-03', 1, 4500, 4500, NULL) ON CONFLICT DO NOTHING;
INSERT INTO monthly_bill_line (bill_line_id, bill_no, product_code, description, quantity, unit_price, amount, notes) VALUES (95, 23, 'ELEC01', 'Electricity 100 units', 100, 3.5, 350, 'Meter 100→200') ON CONFLICT DO NOTHING;
INSERT INTO monthly_bill_line (bill_line_id, bill_no, product_code, description, quantity, unit_price, amount, notes) VALUES (96, 23, 'WATER01', 'Water 4 units', 4, 80, 320, NULL) ON CONFLICT DO NOTHING;
INSERT INTO monthly_bill_line (bill_line_id, bill_no, product_code, description, quantity, unit_price, amount, notes) VALUES (97, 23, 'INET01', 'Internet (Fixed Monthly)', 1, 440, 440, NULL) ON CONFLICT DO NOTHING;
INSERT INTO monthly_bill_line (bill_line_id, bill_no, product_code, description, quantity, unit_price, amount, notes) VALUES (98, 24, 'RENT01', 'Monthly Rent 2026-03', 1, 4500, 4500, NULL) ON CONFLICT DO NOTHING;
INSERT INTO monthly_bill_line (bill_line_id, bill_no, product_code, description, quantity, unit_price, amount, notes) VALUES (99, 24, 'ELEC01', 'Electricity 100 units', 100, 3.5, 350, 'Meter 600→700') ON CONFLICT DO NOTHING;
INSERT INTO monthly_bill_line (bill_line_id, bill_no, product_code, description, quantity, unit_price, amount, notes) VALUES (100, 24, 'WATER01', 'Water 4 units', 4, 80, 320, NULL) ON CONFLICT DO NOTHING;
INSERT INTO monthly_bill_line (bill_line_id, bill_no, product_code, description, quantity, unit_price, amount, notes) VALUES (101, 24, 'INET01', 'Internet (Fixed Monthly)', 1, 440, 440, NULL) ON CONFLICT DO NOTHING;
INSERT INTO monthly_bill_line (bill_line_id, bill_no, product_code, description, quantity, unit_price, amount, notes) VALUES (102, 25, 'RENT01', 'Monthly Rent 2026-03', 1, 4500, 4500, NULL) ON CONFLICT DO NOTHING;
INSERT INTO monthly_bill_line (bill_line_id, bill_no, product_code, description, quantity, unit_price, amount, notes) VALUES (103, 25, 'ELEC01', 'Electricity 100 units', 100, 3.5, 350, 'Meter 0→100') ON CONFLICT DO NOTHING;
INSERT INTO monthly_bill_line (bill_line_id, bill_no, product_code, description, quantity, unit_price, amount, notes) VALUES (104, 25, 'WATER01', 'Water 5 units', 5, 80, 400, NULL) ON CONFLICT DO NOTHING;
INSERT INTO monthly_bill_line (bill_line_id, bill_no, product_code, description, quantity, unit_price, amount, notes) VALUES (105, 25, 'INET01', 'Internet (Fixed Monthly)', 1, 440, 440, NULL) ON CONFLICT DO NOTHING;
INSERT INTO monthly_bill_line (bill_line_id, bill_no, product_code, description, quantity, unit_price, amount, notes) VALUES (106, 26, 'RENT01', 'Monthly Rent 2026-03', 1, 6000, 6000, NULL) ON CONFLICT DO NOTHING;
INSERT INTO monthly_bill_line (bill_line_id, bill_no, product_code, description, quantity, unit_price, amount, notes) VALUES (107, 26, 'ELEC01', 'Electricity 140 units', 140, 3.5, 490, 'Meter 0→140') ON CONFLICT DO NOTHING;
INSERT INTO monthly_bill_line (bill_line_id, bill_no, product_code, description, quantity, unit_price, amount, notes) VALUES (108, 26, 'WATER01', 'Water 6 units', 6, 80, 480, NULL) ON CONFLICT DO NOTHING;
INSERT INTO monthly_bill_line (bill_line_id, bill_no, product_code, description, quantity, unit_price, amount, notes) VALUES (109, 26, 'INET01', 'Internet (Fixed Monthly)', 1, 440, 440, NULL) ON CONFLICT DO NOTHING;
INSERT INTO monthly_bill_line (bill_line_id, bill_no, product_code, description, quantity, unit_price, amount, notes) VALUES (110, 27, 'RENT01', 'Monthly Rent 2026-03', 1, 4500, 4500, NULL) ON CONFLICT DO NOTHING;
INSERT INTO monthly_bill_line (bill_line_id, bill_no, product_code, description, quantity, unit_price, amount, notes) VALUES (111, 27, 'ELEC01', 'Electricity 120 units', 120, 3.5, 420, 'Meter 0→120') ON CONFLICT DO NOTHING;
INSERT INTO monthly_bill_line (bill_line_id, bill_no, product_code, description, quantity, unit_price, amount, notes) VALUES (112, 27, 'WATER01', 'Water 5 units', 5, 80, 400, NULL) ON CONFLICT DO NOTHING;
INSERT INTO monthly_bill_line (bill_line_id, bill_no, product_code, description, quantity, unit_price, amount, notes) VALUES (113, 27, 'INET01', 'Internet (Fixed Monthly)', 1, 440, 440, NULL) ON CONFLICT DO NOTHING;
INSERT INTO monthly_bill_line (bill_line_id, bill_no, product_code, description, quantity, unit_price, amount, notes) VALUES (114, 28, 'RENT01', 'Monthly Rent 2026-03', 1, 8500, 8500, NULL) ON CONFLICT DO NOTHING;
INSERT INTO monthly_bill_line (bill_line_id, bill_no, product_code, description, quantity, unit_price, amount, notes) VALUES (115, 28, 'ELEC01', 'Electricity 200 units', 200, 3.5, 700, 'Meter 0→200') ON CONFLICT DO NOTHING;
INSERT INTO monthly_bill_line (bill_line_id, bill_no, product_code, description, quantity, unit_price, amount, notes) VALUES (116, 28, 'WATER01', 'Water 9 units', 9, 80, 720, NULL) ON CONFLICT DO NOTHING;
INSERT INTO monthly_bill_line (bill_line_id, bill_no, product_code, description, quantity, unit_price, amount, notes) VALUES (117, 28, 'INET01', 'Internet (Fixed Monthly)', 1, 440, 440, NULL) ON CONFLICT DO NOTHING;
INSERT INTO monthly_bill_line (bill_line_id, bill_no, product_code, description, quantity, unit_price, amount, notes) VALUES (118, 29, 'RENT01', 'Monthly Rent 2026-03', 1, 6000, 6000, NULL) ON CONFLICT DO NOTHING;
INSERT INTO monthly_bill_line (bill_line_id, bill_no, product_code, description, quantity, unit_price, amount, notes) VALUES (119, 29, 'ELEC01', 'Electricity 140 units', 140, 3.5, 490, 'Meter 0→140') ON CONFLICT DO NOTHING;
INSERT INTO monthly_bill_line (bill_line_id, bill_no, product_code, description, quantity, unit_price, amount, notes) VALUES (120, 29, 'WATER01', 'Water 6 units', 6, 80, 480, NULL) ON CONFLICT DO NOTHING;
INSERT INTO monthly_bill_line (bill_line_id, bill_no, product_code, description, quantity, unit_price, amount, notes) VALUES (121, 29, 'INET01', 'Internet (Fixed Monthly)', 1, 440, 440, NULL) ON CONFLICT DO NOTHING;

-- payment_receipt (20 rows)
INSERT INTO payment_receipt (receipt_no, receipt_date, tenant_id, room_no, payment_method, reference_number, total_paid, created_at) VALUES (1, '2026-01-08', 1, 101, 'Transfer', 'TXN-2501-001', 5760, '2026-01-08 10:00:00+00') ON CONFLICT DO NOTHING;
INSERT INTO payment_receipt (receipt_no, receipt_date, tenant_id, room_no, payment_method, reference_number, total_paid, created_at) VALUES (2, '2026-01-09', 2, 102, 'Cash', NULL, 2000, '2026-01-09 10:00:00+00') ON CONFLICT DO NOTHING;
INSERT INTO payment_receipt (receipt_no, receipt_date, tenant_id, room_no, payment_method, reference_number, total_paid, created_at) VALUES (3, '2026-01-10', 6, 202, 'Transfer', 'TXN-2501-002', 7410, '2026-01-10 10:00:00+00') ON CONFLICT DO NOTHING;
INSERT INTO payment_receipt (receipt_no, receipt_date, tenant_id, room_no, payment_method, reference_number, total_paid, created_at) VALUES (4, '2026-01-11', 9, 302, 'Card', 'CARD-2501-001', 10360, '2026-01-11 10:00:00+00') ON CONFLICT DO NOTHING;
INSERT INTO payment_receipt (receipt_no, receipt_date, tenant_id, room_no, payment_method, reference_number, total_paid, created_at) VALUES (5, '2026-01-22', 7, 203, 'Cash', NULL, 3000, '2026-01-22 10:00:00+00') ON CONFLICT DO NOTHING;
INSERT INTO payment_receipt (receipt_no, receipt_date, tenant_id, room_no, payment_method, reference_number, total_paid, created_at) VALUES (6, '2026-02-05', 1, 101, 'Transfer', 'TXN-2502-001', 5690, '2026-02-05 10:00:00+00') ON CONFLICT DO NOTHING;
INSERT INTO payment_receipt (receipt_no, receipt_date, tenant_id, room_no, payment_method, reference_number, total_paid, created_at) VALUES (7, '2026-02-06', 2, 102, 'Transfer', 'TXN-2502-002', 5610, '2026-02-06 10:00:00+00') ON CONFLICT DO NOTHING;
INSERT INTO payment_receipt (receipt_no, receipt_date, tenant_id, room_no, payment_method, reference_number, total_paid, created_at) VALUES (8, '2026-02-07', 6, 202, 'Transfer', 'TXN-2502-003', 7410, '2026-02-07 10:00:00+00') ON CONFLICT DO NOTHING;
INSERT INTO payment_receipt (receipt_no, receipt_date, tenant_id, room_no, payment_method, reference_number, total_paid, created_at) VALUES (9, '2026-02-08', 9, 302, 'Card', 'CARD-2502-001', 13560, '2026-02-08 10:00:00+00') ON CONFLICT DO NOTHING;
INSERT INTO payment_receipt (receipt_no, receipt_date, tenant_id, room_no, payment_method, reference_number, total_paid, created_at) VALUES (10, '2026-02-10', 5, 301, 'Transfer', 'TXN-2502-004', 10510, '2026-02-10 10:00:00+00') ON CONFLICT DO NOTHING;
INSERT INTO payment_receipt (receipt_no, receipt_date, tenant_id, room_no, payment_method, reference_number, total_paid, created_at) VALUES (11, '2026-02-12', 10, 401, 'Transfer', 'TXN-2502-005', 5610, '2026-02-12 10:00:00+00') ON CONFLICT DO NOTHING;
INSERT INTO payment_receipt (receipt_no, receipt_date, tenant_id, room_no, payment_method, reference_number, total_paid, created_at) VALUES (12, '2026-02-15', 7, 203, 'Cash', NULL, 3000, '2026-02-15 10:00:00+00') ON CONFLICT DO NOTHING;
INSERT INTO payment_receipt (receipt_no, receipt_date, tenant_id, room_no, payment_method, reference_number, total_paid, created_at) VALUES (13, '2026-03-05', 1, 101, 'Transfer', 'TXN-2503-001', 5760, '2026-03-05 10:00:00+00') ON CONFLICT DO NOTHING;
INSERT INTO payment_receipt (receipt_no, receipt_date, tenant_id, room_no, payment_method, reference_number, total_paid, created_at) VALUES (14, '2026-03-07', 6, 202, 'Transfer', 'TXN-2503-002', 7410, '2026-03-07 10:00:00+00') ON CONFLICT DO NOTHING;
INSERT INTO payment_receipt (receipt_no, receipt_date, tenant_id, room_no, payment_method, reference_number, total_paid, created_at) VALUES (15, '2026-03-08', 9, 302, 'Card', 'CARD-2503-001', 10360, '2026-03-08 10:00:00+00') ON CONFLICT DO NOTHING;
INSERT INTO payment_receipt (receipt_no, receipt_date, tenant_id, room_no, payment_method, reference_number, total_paid, created_at) VALUES (16, '2026-03-10', 5, 301, 'Transfer', 'TXN-2503-003', 13710, '2026-03-10 10:00:00+00') ON CONFLICT DO NOTHING;
INSERT INTO payment_receipt (receipt_no, receipt_date, tenant_id, room_no, payment_method, reference_number, total_paid, created_at) VALUES (17, '2026-03-12', 7, 203, 'Cash', NULL, 3000, '2026-03-12 10:00:00+00') ON CONFLICT DO NOTHING;
INSERT INTO payment_receipt (receipt_no, receipt_date, tenant_id, room_no, payment_method, reference_number, total_paid, created_at) VALUES (18, '2026-03-14', 10, 401, 'Cash', NULL, 2000, '2026-03-14 10:00:00+00') ON CONFLICT DO NOTHING;
INSERT INTO payment_receipt (receipt_no, receipt_date, tenant_id, room_no, payment_method, reference_number, total_paid, created_at) VALUES (19, '2026-03-16', 12, 204, 'Transfer', 'TXN-2503-004', 7410, '2026-03-16 10:00:00+00') ON CONFLICT DO NOTHING;
INSERT INTO payment_receipt (receipt_no, receipt_date, tenant_id, room_no, payment_method, reference_number, total_paid, created_at) VALUES (20, '2026-03-20', 14, 303, 'Card', 'CARD-2503-002', 10360, '2026-03-20 10:00:00+00') ON CONFLICT DO NOTHING;

-- payments_item (20 rows)
INSERT INTO payments_item (payments_item_id, receipt_no, bill_no, amount_paid, notes) VALUES (1, 1, 1, 5760, NULL) ON CONFLICT DO NOTHING;
INSERT INTO payments_item (payments_item_id, receipt_no, bill_no, amount_paid, notes) VALUES (2, 2, 2, 2000, 'Partial payment') ON CONFLICT DO NOTHING;
INSERT INTO payments_item (payments_item_id, receipt_no, bill_no, amount_paid, notes) VALUES (3, 3, 4, 7410, NULL) ON CONFLICT DO NOTHING;
INSERT INTO payments_item (payments_item_id, receipt_no, bill_no, amount_paid, notes) VALUES (4, 4, 6, 10360, NULL) ON CONFLICT DO NOTHING;
INSERT INTO payments_item (payments_item_id, receipt_no, bill_no, amount_paid, notes) VALUES (5, 5, 5, 3000, 'Partial payment') ON CONFLICT DO NOTHING;
INSERT INTO payments_item (payments_item_id, receipt_no, bill_no, amount_paid, notes) VALUES (6, 6, 7, 5690, NULL) ON CONFLICT DO NOTHING;
INSERT INTO payments_item (payments_item_id, receipt_no, bill_no, amount_paid, notes) VALUES (7, 7, 8, 5610, NULL) ON CONFLICT DO NOTHING;
INSERT INTO payments_item (payments_item_id, receipt_no, bill_no, amount_paid, notes) VALUES (8, 8, 10, 7410, NULL) ON CONFLICT DO NOTHING;
INSERT INTO payments_item (payments_item_id, receipt_no, bill_no, amount_paid, notes) VALUES (9, 9, 12, 13560, NULL) ON CONFLICT DO NOTHING;
INSERT INTO payments_item (payments_item_id, receipt_no, bill_no, amount_paid, notes) VALUES (10, 10, 13, 10510, NULL) ON CONFLICT DO NOTHING;
INSERT INTO payments_item (payments_item_id, receipt_no, bill_no, amount_paid, notes) VALUES (11, 11, 15, 5610, NULL) ON CONFLICT DO NOTHING;
INSERT INTO payments_item (payments_item_id, receipt_no, bill_no, amount_paid, notes) VALUES (12, 12, 11, 3000, 'Partial payment') ON CONFLICT DO NOTHING;
INSERT INTO payments_item (payments_item_id, receipt_no, bill_no, amount_paid, notes) VALUES (13, 13, 16, 5760, NULL) ON CONFLICT DO NOTHING;
INSERT INTO payments_item (payments_item_id, receipt_no, bill_no, amount_paid, notes) VALUES (14, 14, 19, 7410, NULL) ON CONFLICT DO NOTHING;
INSERT INTO payments_item (payments_item_id, receipt_no, bill_no, amount_paid, notes) VALUES (15, 15, 21, 10360, NULL) ON CONFLICT DO NOTHING;
INSERT INTO payments_item (payments_item_id, receipt_no, bill_no, amount_paid, notes) VALUES (16, 16, 22, 13710, NULL) ON CONFLICT DO NOTHING;
INSERT INTO payments_item (payments_item_id, receipt_no, bill_no, amount_paid, notes) VALUES (17, 17, 20, 3000, 'Partial payment') ON CONFLICT DO NOTHING;
INSERT INTO payments_item (payments_item_id, receipt_no, bill_no, amount_paid, notes) VALUES (18, 18, 24, 2000, 'Partial payment') ON CONFLICT DO NOTHING;
INSERT INTO payments_item (payments_item_id, receipt_no, bill_no, amount_paid, notes) VALUES (19, 19, 26, 7410, NULL) ON CONFLICT DO NOTHING;
INSERT INTO payments_item (payments_item_id, receipt_no, bill_no, amount_paid, notes) VALUES (20, 20, 28, 10360, NULL) ON CONFLICT DO NOTHING;

-- expense (15 rows)
INSERT INTO expense (expense_no, expense_date, supplier_id, expense_category, total_expense, created_at) VALUES (1, '2026-01-03', 1, 'Maintenance', 3200, '2026-01-03 11:00:00+00') ON CONFLICT DO NOTHING;
INSERT INTO expense (expense_no, expense_date, supplier_id, expense_category, total_expense, created_at) VALUES (2, '2026-01-20', 1, 'Maintenance', 2800, '2026-01-20 11:00:00+00') ON CONFLICT DO NOTHING;
INSERT INTO expense (expense_no, expense_date, supplier_id, expense_category, total_expense, created_at) VALUES (3, '2026-01-10', 2, 'Cleaning', 1800, '2026-01-10 11:00:00+00') ON CONFLICT DO NOTHING;
INSERT INTO expense (expense_no, expense_date, supplier_id, expense_category, total_expense, created_at) VALUES (4, '2026-01-15', 5, 'Electrical', 3200, '2026-01-15 11:00:00+00') ON CONFLICT DO NOTHING;
INSERT INTO expense (expense_no, expense_date, supplier_id, expense_category, total_expense, created_at) VALUES (5, '2026-01-25', 3, 'Office Supplies', 950, '2026-01-25 11:00:00+00') ON CONFLICT DO NOTHING;
INSERT INTO expense (expense_no, expense_date, supplier_id, expense_category, total_expense, created_at) VALUES (6, '2026-02-05', 1, 'Maintenance', 5600, '2026-02-05 11:00:00+00') ON CONFLICT DO NOTHING;
INSERT INTO expense (expense_no, expense_date, supplier_id, expense_category, total_expense, created_at) VALUES (7, '2026-02-12', 2, 'Cleaning', 1800, '2026-02-12 11:00:00+00') ON CONFLICT DO NOTHING;
INSERT INTO expense (expense_no, expense_date, supplier_id, expense_category, total_expense, created_at) VALUES (8, '2026-02-18', 1, 'Maintenance', 4200, '2026-02-18 11:00:00+00') ON CONFLICT DO NOTHING;
INSERT INTO expense (expense_no, expense_date, supplier_id, expense_category, total_expense, created_at) VALUES (9, '2026-02-20', 4, 'Landscaping', 4500, '2026-02-20 11:00:00+00') ON CONFLICT DO NOTHING;
INSERT INTO expense (expense_no, expense_date, supplier_id, expense_category, total_expense, created_at) VALUES (10, '2026-02-28', 3, 'Office Supplies', 950, '2026-02-28 11:00:00+00') ON CONFLICT DO NOTHING;
INSERT INTO expense (expense_no, expense_date, supplier_id, expense_category, total_expense, created_at) VALUES (11, '2026-03-01', 5, 'Electrical', 5000, '2026-03-01 11:00:00+00') ON CONFLICT DO NOTHING;
INSERT INTO expense (expense_no, expense_date, supplier_id, expense_category, total_expense, created_at) VALUES (12, '2026-03-06', 1, 'Maintenance', 3600, '2026-03-06 11:00:00+00') ON CONFLICT DO NOTHING;
INSERT INTO expense (expense_no, expense_date, supplier_id, expense_category, total_expense, created_at) VALUES (13, '2026-03-14', 2, 'Cleaning', 1800, '2026-03-14 11:00:00+00') ON CONFLICT DO NOTHING;
INSERT INTO expense (expense_no, expense_date, supplier_id, expense_category, total_expense, created_at) VALUES (14, '2026-03-20', 1, 'Maintenance', 3000, '2026-03-20 11:00:00+00') ON CONFLICT DO NOTHING;
INSERT INTO expense (expense_no, expense_date, supplier_id, expense_category, total_expense, created_at) VALUES (15, '2026-03-25', 4, 'Landscaping', 2800, '2026-03-25 11:00:00+00') ON CONFLICT DO NOTHING;

-- expense_line (51 rows)
INSERT INTO expense_line (expense_line_id, expense_no, item_name, quantity, unit_price, extended_price) VALUES (1, 1, 'PVC Pipe 1 inch', 5, 120, 600) ON CONFLICT DO NOTHING;
INSERT INTO expense_line (expense_line_id, expense_no, item_name, quantity, unit_price, extended_price) VALUES (2, 1, 'Pipe Fittings Set', 2, 350, 700) ON CONFLICT DO NOTHING;
INSERT INTO expense_line (expense_line_id, expense_no, item_name, quantity, unit_price, extended_price) VALUES (3, 1, 'Labour – Plumber', 1, 1900, 1900) ON CONFLICT DO NOTHING;
INSERT INTO expense_line (expense_line_id, expense_no, item_name, quantity, unit_price, extended_price) VALUES (4, 2, 'Pipe Repair Kit', 2, 300, 600) ON CONFLICT DO NOTHING;
INSERT INTO expense_line (expense_line_id, expense_no, item_name, quantity, unit_price, extended_price) VALUES (5, 2, 'Silicone Sealant', 4, 50, 200) ON CONFLICT DO NOTHING;
INSERT INTO expense_line (expense_line_id, expense_no, item_name, quantity, unit_price, extended_price) VALUES (6, 2, 'Labour – Plumber', 1, 2000, 2000) ON CONFLICT DO NOTHING;
INSERT INTO expense_line (expense_line_id, expense_no, item_name, quantity, unit_price, extended_price) VALUES (7, 3, 'Cleaning Solution', 5, 100, 500) ON CONFLICT DO NOTHING;
INSERT INTO expense_line (expense_line_id, expense_no, item_name, quantity, unit_price, extended_price) VALUES (8, 3, 'Mop & Bucket Set', 3, 120, 360) ON CONFLICT DO NOTHING;
INSERT INTO expense_line (expense_line_id, expense_no, item_name, quantity, unit_price, extended_price) VALUES (9, 3, 'Labour – Cleaner', 1, 940, 940) ON CONFLICT DO NOTHING;
INSERT INTO expense_line (expense_line_id, expense_no, item_name, quantity, unit_price, extended_price) VALUES (10, 4, 'LED Light Bulb 18W', 10, 80, 800) ON CONFLICT DO NOTHING;
INSERT INTO expense_line (expense_line_id, expense_no, item_name, quantity, unit_price, extended_price) VALUES (11, 4, 'Electrical Switch Set', 5, 120, 600) ON CONFLICT DO NOTHING;
INSERT INTO expense_line (expense_line_id, expense_no, item_name, quantity, unit_price, extended_price) VALUES (12, 4, 'Labour – Electrician', 1, 1800, 1800) ON CONFLICT DO NOTHING;
INSERT INTO expense_line (expense_line_id, expense_no, item_name, quantity, unit_price, extended_price) VALUES (13, 5, 'A4 Paper Ream', 5, 90, 450) ON CONFLICT DO NOTHING;
INSERT INTO expense_line (expense_line_id, expense_no, item_name, quantity, unit_price, extended_price) VALUES (14, 5, 'Ballpoint Pens Box', 2, 80, 160) ON CONFLICT DO NOTHING;
INSERT INTO expense_line (expense_line_id, expense_no, item_name, quantity, unit_price, extended_price) VALUES (15, 5, 'File Folders', 4, 30, 120) ON CONFLICT DO NOTHING;
INSERT INTO expense_line (expense_line_id, expense_no, item_name, quantity, unit_price, extended_price) VALUES (16, 5, 'Stapler', 1, 220, 220) ON CONFLICT DO NOTHING;
INSERT INTO expense_line (expense_line_id, expense_no, item_name, quantity, unit_price, extended_price) VALUES (17, 6, 'Wall Paint – White', 10, 180, 1800) ON CONFLICT DO NOTHING;
INSERT INTO expense_line (expense_line_id, expense_no, item_name, quantity, unit_price, extended_price) VALUES (18, 6, 'Roller Brush Set', 3, 120, 360) ON CONFLICT DO NOTHING;
INSERT INTO expense_line (expense_line_id, expense_no, item_name, quantity, unit_price, extended_price) VALUES (19, 6, 'Labour – Painter', 2, 1200, 2400) ON CONFLICT DO NOTHING;
INSERT INTO expense_line (expense_line_id, expense_no, item_name, quantity, unit_price, extended_price) VALUES (20, 6, 'Masking Tape', 6, 40, 240) ON CONFLICT DO NOTHING;
INSERT INTO expense_line (expense_line_id, expense_no, item_name, quantity, unit_price, extended_price) VALUES (21, 6, 'Primer', 2, 400, 800) ON CONFLICT DO NOTHING;
INSERT INTO expense_line (expense_line_id, expense_no, item_name, quantity, unit_price, extended_price) VALUES (22, 7, 'Disinfectant', 4, 120, 480) ON CONFLICT DO NOTHING;
INSERT INTO expense_line (expense_line_id, expense_no, item_name, quantity, unit_price, extended_price) VALUES (23, 7, 'Microfiber Cloths Pack', 3, 80, 240) ON CONFLICT DO NOTHING;
INSERT INTO expense_line (expense_line_id, expense_no, item_name, quantity, unit_price, extended_price) VALUES (24, 7, 'Labour – Cleaner', 1, 1080, 1080) ON CONFLICT DO NOTHING;
INSERT INTO expense_line (expense_line_id, expense_no, item_name, quantity, unit_price, extended_price) VALUES (25, 8, 'Door Lock Set', 2, 350, 700) ON CONFLICT DO NOTHING;
INSERT INTO expense_line (expense_line_id, expense_no, item_name, quantity, unit_price, extended_price) VALUES (26, 8, 'Door Handle', 3, 280, 840) ON CONFLICT DO NOTHING;
INSERT INTO expense_line (expense_line_id, expense_no, item_name, quantity, unit_price, extended_price) VALUES (27, 8, 'Labour – Carpenter', 1, 2000, 2000) ON CONFLICT DO NOTHING;
INSERT INTO expense_line (expense_line_id, expense_no, item_name, quantity, unit_price, extended_price) VALUES (28, 8, 'Hinge Set', 4, 80, 320) ON CONFLICT DO NOTHING;
INSERT INTO expense_line (expense_line_id, expense_no, item_name, quantity, unit_price, extended_price) VALUES (29, 8, 'Wood Filler', 5, 68, 340) ON CONFLICT DO NOTHING;
INSERT INTO expense_line (expense_line_id, expense_no, item_name, quantity, unit_price, extended_price) VALUES (30, 9, 'Garden Soil', 10, 80, 800) ON CONFLICT DO NOTHING;
INSERT INTO expense_line (expense_line_id, expense_no, item_name, quantity, unit_price, extended_price) VALUES (31, 9, 'Fertilizer', 5, 100, 500) ON CONFLICT DO NOTHING;
INSERT INTO expense_line (expense_line_id, expense_no, item_name, quantity, unit_price, extended_price) VALUES (32, 9, 'Labour – Gardener', 2, 1200, 2400) ON CONFLICT DO NOTHING;
INSERT INTO expense_line (expense_line_id, expense_no, item_name, quantity, unit_price, extended_price) VALUES (33, 9, 'Plant Seeds Mix', 1, 800, 800) ON CONFLICT DO NOTHING;
INSERT INTO expense_line (expense_line_id, expense_no, item_name, quantity, unit_price, extended_price) VALUES (34, 10, 'A4 Paper Ream', 3, 90, 270) ON CONFLICT DO NOTHING;
INSERT INTO expense_line (expense_line_id, expense_no, item_name, quantity, unit_price, extended_price) VALUES (35, 10, 'Ink Cartridge', 2, 280, 560) ON CONFLICT DO NOTHING;
INSERT INTO expense_line (expense_line_id, expense_no, item_name, quantity, unit_price, extended_price) VALUES (36, 10, 'Correction Fluid', 4, 30, 120) ON CONFLICT DO NOTHING;
INSERT INTO expense_line (expense_line_id, expense_no, item_name, quantity, unit_price, extended_price) VALUES (37, 11, 'CCTV Camera', 2, 1200, 2400) ON CONFLICT DO NOTHING;
INSERT INTO expense_line (expense_line_id, expense_no, item_name, quantity, unit_price, extended_price) VALUES (38, 11, 'Cable UTP Cat6 (m)', 100, 12, 1200) ON CONFLICT DO NOTHING;
INSERT INTO expense_line (expense_line_id, expense_no, item_name, quantity, unit_price, extended_price) VALUES (39, 11, 'Labour – Electrician', 1, 1400, 1400) ON CONFLICT DO NOTHING;
INSERT INTO expense_line (expense_line_id, expense_no, item_name, quantity, unit_price, extended_price) VALUES (40, 12, 'Ceramic Tiles', 10, 150, 1500) ON CONFLICT DO NOTHING;
INSERT INTO expense_line (expense_line_id, expense_no, item_name, quantity, unit_price, extended_price) VALUES (41, 12, 'Tile Adhesive', 3, 180, 540) ON CONFLICT DO NOTHING;
INSERT INTO expense_line (expense_line_id, expense_no, item_name, quantity, unit_price, extended_price) VALUES (42, 12, 'Labour – Tiler', 1, 1560, 1560) ON CONFLICT DO NOTHING;
INSERT INTO expense_line (expense_line_id, expense_no, item_name, quantity, unit_price, extended_price) VALUES (43, 13, 'Cleaning Solution', 5, 100, 500) ON CONFLICT DO NOTHING;
INSERT INTO expense_line (expense_line_id, expense_no, item_name, quantity, unit_price, extended_price) VALUES (44, 13, 'Trash Bags Box', 2, 150, 300) ON CONFLICT DO NOTHING;
INSERT INTO expense_line (expense_line_id, expense_no, item_name, quantity, unit_price, extended_price) VALUES (45, 13, 'Labour – Cleaner', 1, 1000, 1000) ON CONFLICT DO NOTHING;
INSERT INTO expense_line (expense_line_id, expense_no, item_name, quantity, unit_price, extended_price) VALUES (46, 14, 'PVC Pipe 3/4 inch', 5, 80, 400) ON CONFLICT DO NOTHING;
INSERT INTO expense_line (expense_line_id, expense_no, item_name, quantity, unit_price, extended_price) VALUES (47, 14, 'Faucet Set', 2, 450, 900) ON CONFLICT DO NOTHING;
INSERT INTO expense_line (expense_line_id, expense_no, item_name, quantity, unit_price, extended_price) VALUES (48, 14, 'Labour – Plumber', 1, 1700, 1700) ON CONFLICT DO NOTHING;
INSERT INTO expense_line (expense_line_id, expense_no, item_name, quantity, unit_price, extended_price) VALUES (49, 15, 'Lawn Grass Seed', 5, 120, 600) ON CONFLICT DO NOTHING;
INSERT INTO expense_line (expense_line_id, expense_no, item_name, quantity, unit_price, extended_price) VALUES (50, 15, 'Garden Hose (m)', 20, 40, 800) ON CONFLICT DO NOTHING;
INSERT INTO expense_line (expense_line_id, expense_no, item_name, quantity, unit_price, extended_price) VALUES (51, 15, 'Labour – Gardener', 2, 700, 1400) ON CONFLICT DO NOTHING;

-- inspection (15 rows)
INSERT INTO inspection (inspection_no, inspection_date, tenant_id, room_no, inspector_staff_id, result, total_fines, created_at) VALUES (1, '2026-01-15', 1, 101, 4, 'Pass', 0.00, '2026-01-15 14:00:00+00') ON CONFLICT DO NOTHING;
INSERT INTO inspection (inspection_no, inspection_date, tenant_id, room_no, inspector_staff_id, result, total_fines, created_at) VALUES (2, '2026-02-28', 2, 102, 1, 'Fail', 800.00, '2026-02-28 14:00:00+00') ON CONFLICT DO NOTHING;
INSERT INTO inspection (inspection_no, inspection_date, tenant_id, room_no, inspector_staff_id, result, total_fines, created_at) VALUES (3, '2026-03-10', 6, 202, 4, 'Pass', 0.00, '2026-03-10 14:00:00+00') ON CONFLICT DO NOTHING;
INSERT INTO inspection (inspection_no, inspection_date, tenant_id, room_no, inspector_staff_id, result, total_fines, created_at) VALUES (4, '2026-03-15', 5, 301, 1, 'Pass', 0.00, '2026-03-15 14:00:00+00') ON CONFLICT DO NOTHING;
INSERT INTO inspection (inspection_no, inspection_date, tenant_id, room_no, inspector_staff_id, result, total_fines, created_at) VALUES (5, '2026-01-31', 3, 201, 4, 'Pass', 0.00, '2026-01-31 14:00:00+00') ON CONFLICT DO NOTHING;
INSERT INTO inspection (inspection_no, inspection_date, tenant_id, room_no, inspector_staff_id, result, total_fines, created_at) VALUES (6, '2026-02-14', 7, 203, 1, 'Fail', 1200.00, '2026-02-14 14:00:00+00') ON CONFLICT DO NOTHING;
INSERT INTO inspection (inspection_no, inspection_date, tenant_id, room_no, inspector_staff_id, result, total_fines, created_at) VALUES (7, '2026-02-20', 9, 302, 4, 'Pass', 0.00, '2026-02-20 14:00:00+00') ON CONFLICT DO NOTHING;
INSERT INTO inspection (inspection_no, inspection_date, tenant_id, room_no, inspector_staff_id, result, total_fines, created_at) VALUES (8, '2026-03-01', 10, 401, 1, 'Pass', 0.00, '2026-03-01 14:00:00+00') ON CONFLICT DO NOTHING;
INSERT INTO inspection (inspection_no, inspection_date, tenant_id, room_no, inspector_staff_id, result, total_fines, created_at) VALUES (9, '2026-03-05', 8, 104, 4, 'Fail', 500.00, '2026-03-05 14:00:00+00') ON CONFLICT DO NOTHING;
INSERT INTO inspection (inspection_no, inspection_date, tenant_id, room_no, inspector_staff_id, result, total_fines, created_at) VALUES (10, '2026-03-08', 1, 101, 1, 'Pass', 0.00, '2026-03-08 14:00:00+00') ON CONFLICT DO NOTHING;
INSERT INTO inspection (inspection_no, inspection_date, tenant_id, room_no, inspector_staff_id, result, total_fines, created_at) VALUES (11, '2026-03-12', 2, 102, 4, 'Pass', 0.00, '2026-03-12 14:00:00+00') ON CONFLICT DO NOTHING;
INSERT INTO inspection (inspection_no, inspection_date, tenant_id, room_no, inspector_staff_id, result, total_fines, created_at) VALUES (12, '2026-03-18', 4, 103, 1, 'Pass', 0.00, '2026-03-18 14:00:00+00') ON CONFLICT DO NOTHING;
INSERT INTO inspection (inspection_no, inspection_date, tenant_id, room_no, inspector_staff_id, result, total_fines, created_at) VALUES (13, '2026-03-20', 9, 302, 4, 'Fail', 700.00, '2026-03-20 14:00:00+00') ON CONFLICT DO NOTHING;
INSERT INTO inspection (inspection_no, inspection_date, tenant_id, room_no, inspector_staff_id, result, total_fines, created_at) VALUES (14, '2026-03-22', 6, 202, 1, 'Pass', 0.00, '2026-03-22 14:00:00+00') ON CONFLICT DO NOTHING;
INSERT INTO inspection (inspection_no, inspection_date, tenant_id, room_no, inspector_staff_id, result, total_fines, created_at) VALUES (15, '2026-03-25', 5, 301, 4, 'Pass', 0.00, '2026-03-25 14:00:00+00') ON CONFLICT DO NOTHING;

-- inspection_line (84 rows)
INSERT INTO inspection_line (inspection_line_id, inspection_no, item_checked, condition, fine_amount, notes) VALUES (1, 1, 'Bed Frame', 'Good', 0, NULL) ON CONFLICT DO NOTHING;
INSERT INTO inspection_line (inspection_line_id, inspection_no, item_checked, condition, fine_amount, notes) VALUES (2, 1, 'Study Desk', 'Good', 0, NULL) ON CONFLICT DO NOTHING;
INSERT INTO inspection_line (inspection_line_id, inspection_no, item_checked, condition, fine_amount, notes) VALUES (3, 1, 'Wardrobe', 'Fair', 0, 'Minor scuff on surface') ON CONFLICT DO NOTHING;
INSERT INTO inspection_line (inspection_line_id, inspection_no, item_checked, condition, fine_amount, notes) VALUES (4, 1, 'Air Conditioner', 'Good', 0, NULL) ON CONFLICT DO NOTHING;
INSERT INTO inspection_line (inspection_line_id, inspection_no, item_checked, condition, fine_amount, notes) VALUES (5, 1, 'Wall Paint', 'Good', 0, NULL) ON CONFLICT DO NOTHING;
INSERT INTO inspection_line (inspection_line_id, inspection_no, item_checked, condition, fine_amount, notes) VALUES (6, 1, 'Bathroom Fixtures', 'Good', 0, NULL) ON CONFLICT DO NOTHING;
INSERT INTO inspection_line (inspection_line_id, inspection_no, item_checked, condition, fine_amount, notes) VALUES (7, 2, 'Bed Frame', 'Good', 0, NULL) ON CONFLICT DO NOTHING;
INSERT INTO inspection_line (inspection_line_id, inspection_no, item_checked, condition, fine_amount, notes) VALUES (8, 2, 'Study Desk', 'Good', 0, NULL) ON CONFLICT DO NOTHING;
INSERT INTO inspection_line (inspection_line_id, inspection_no, item_checked, condition, fine_amount, notes) VALUES (9, 2, 'Wardrobe', 'Damaged', 500, 'Door panel cracked') ON CONFLICT DO NOTHING;
INSERT INTO inspection_line (inspection_line_id, inspection_no, item_checked, condition, fine_amount, notes) VALUES (10, 2, 'Air Conditioner', 'Good', 0, NULL) ON CONFLICT DO NOTHING;
INSERT INTO inspection_line (inspection_line_id, inspection_no, item_checked, condition, fine_amount, notes) VALUES (11, 2, 'Wall Paint', 'Damaged', 300, 'Stains on wall near window') ON CONFLICT DO NOTHING;
INSERT INTO inspection_line (inspection_line_id, inspection_no, item_checked, condition, fine_amount, notes) VALUES (12, 2, 'Bathroom Fixtures', 'Good', 0, NULL) ON CONFLICT DO NOTHING;
INSERT INTO inspection_line (inspection_line_id, inspection_no, item_checked, condition, fine_amount, notes) VALUES (13, 3, 'Bed Frame', 'Good', 0, NULL) ON CONFLICT DO NOTHING;
INSERT INTO inspection_line (inspection_line_id, inspection_no, item_checked, condition, fine_amount, notes) VALUES (14, 3, 'Study Desk', 'Fair', 0, 'Surface scratch – pre-existing') ON CONFLICT DO NOTHING;
INSERT INTO inspection_line (inspection_line_id, inspection_no, item_checked, condition, fine_amount, notes) VALUES (15, 3, 'Wardrobe', 'Good', 0, NULL) ON CONFLICT DO NOTHING;
INSERT INTO inspection_line (inspection_line_id, inspection_no, item_checked, condition, fine_amount, notes) VALUES (16, 3, 'Air Conditioner', 'Good', 0, NULL) ON CONFLICT DO NOTHING;
INSERT INTO inspection_line (inspection_line_id, inspection_no, item_checked, condition, fine_amount, notes) VALUES (17, 3, 'Refrigerator', 'Good', 0, NULL) ON CONFLICT DO NOTHING;
INSERT INTO inspection_line (inspection_line_id, inspection_no, item_checked, condition, fine_amount, notes) VALUES (18, 3, 'Water Heater', 'Good', 0, NULL) ON CONFLICT DO NOTHING;
INSERT INTO inspection_line (inspection_line_id, inspection_no, item_checked, condition, fine_amount, notes) VALUES (19, 4, 'Bed Frame', 'Good', 0, NULL) ON CONFLICT DO NOTHING;
INSERT INTO inspection_line (inspection_line_id, inspection_no, item_checked, condition, fine_amount, notes) VALUES (20, 4, 'Study Desk', 'Good', 0, NULL) ON CONFLICT DO NOTHING;
INSERT INTO inspection_line (inspection_line_id, inspection_no, item_checked, condition, fine_amount, notes) VALUES (21, 4, 'Wardrobe', 'Good', 0, NULL) ON CONFLICT DO NOTHING;
INSERT INTO inspection_line (inspection_line_id, inspection_no, item_checked, condition, fine_amount, notes) VALUES (22, 4, 'Air Conditioner', 'Good', 0, NULL) ON CONFLICT DO NOTHING;
INSERT INTO inspection_line (inspection_line_id, inspection_no, item_checked, condition, fine_amount, notes) VALUES (23, 4, 'Sofa', 'Good', 0, NULL) ON CONFLICT DO NOTHING;
INSERT INTO inspection_line (inspection_line_id, inspection_no, item_checked, condition, fine_amount, notes) VALUES (24, 4, 'Television', 'Good', 0, NULL) ON CONFLICT DO NOTHING;
INSERT INTO inspection_line (inspection_line_id, inspection_no, item_checked, condition, fine_amount, notes) VALUES (25, 5, 'Bed Frame', 'Good', 0, NULL) ON CONFLICT DO NOTHING;
INSERT INTO inspection_line (inspection_line_id, inspection_no, item_checked, condition, fine_amount, notes) VALUES (26, 5, 'Study Desk', 'Good', 0, NULL) ON CONFLICT DO NOTHING;
INSERT INTO inspection_line (inspection_line_id, inspection_no, item_checked, condition, fine_amount, notes) VALUES (27, 5, 'Wardrobe', 'Good', 0, NULL) ON CONFLICT DO NOTHING;
INSERT INTO inspection_line (inspection_line_id, inspection_no, item_checked, condition, fine_amount, notes) VALUES (28, 5, 'Air Conditioner', 'Good', 0, NULL) ON CONFLICT DO NOTHING;
INSERT INTO inspection_line (inspection_line_id, inspection_no, item_checked, condition, fine_amount, notes) VALUES (29, 5, 'Refrigerator', 'Good', 0, NULL) ON CONFLICT DO NOTHING;
INSERT INTO inspection_line (inspection_line_id, inspection_no, item_checked, condition, fine_amount, notes) VALUES (30, 5, 'Water Heater', 'Good', 0, NULL) ON CONFLICT DO NOTHING;
INSERT INTO inspection_line (inspection_line_id, inspection_no, item_checked, condition, fine_amount, notes) VALUES (31, 6, 'Bed Frame', 'Good', 0, NULL) ON CONFLICT DO NOTHING;
INSERT INTO inspection_line (inspection_line_id, inspection_no, item_checked, condition, fine_amount, notes) VALUES (32, 6, 'Study Desk', 'Damaged', 500, 'Deep scratch on surface') ON CONFLICT DO NOTHING;
INSERT INTO inspection_line (inspection_line_id, inspection_no, item_checked, condition, fine_amount, notes) VALUES (33, 6, 'Wardrobe', 'Good', 0, NULL) ON CONFLICT DO NOTHING;
INSERT INTO inspection_line (inspection_line_id, inspection_no, item_checked, condition, fine_amount, notes) VALUES (34, 6, 'Air Conditioner', 'Good', 0, NULL) ON CONFLICT DO NOTHING;
INSERT INTO inspection_line (inspection_line_id, inspection_no, item_checked, condition, fine_amount, notes) VALUES (35, 6, 'Refrigerator', 'Damaged', 700, 'Broken shelf inside') ON CONFLICT DO NOTHING;
INSERT INTO inspection_line (inspection_line_id, inspection_no, item_checked, condition, fine_amount, notes) VALUES (36, 6, 'Water Heater', 'Good', 0, NULL) ON CONFLICT DO NOTHING;
INSERT INTO inspection_line (inspection_line_id, inspection_no, item_checked, condition, fine_amount, notes) VALUES (37, 7, 'Bed Frame', 'Good', 0, NULL) ON CONFLICT DO NOTHING;
INSERT INTO inspection_line (inspection_line_id, inspection_no, item_checked, condition, fine_amount, notes) VALUES (38, 7, 'Study Desk', 'Good', 0, NULL) ON CONFLICT DO NOTHING;
INSERT INTO inspection_line (inspection_line_id, inspection_no, item_checked, condition, fine_amount, notes) VALUES (39, 7, 'Wardrobe', 'Good', 0, NULL) ON CONFLICT DO NOTHING;
INSERT INTO inspection_line (inspection_line_id, inspection_no, item_checked, condition, fine_amount, notes) VALUES (40, 7, 'Air Conditioner', 'Good', 0, NULL) ON CONFLICT DO NOTHING;
INSERT INTO inspection_line (inspection_line_id, inspection_no, item_checked, condition, fine_amount, notes) VALUES (41, 7, 'Sofa', 'Good', 0, NULL) ON CONFLICT DO NOTHING;
INSERT INTO inspection_line (inspection_line_id, inspection_no, item_checked, condition, fine_amount, notes) VALUES (42, 7, 'Television', 'Good', 0, NULL) ON CONFLICT DO NOTHING;
INSERT INTO inspection_line (inspection_line_id, inspection_no, item_checked, condition, fine_amount, notes) VALUES (43, 8, 'Bed Frame', 'Good', 0, NULL) ON CONFLICT DO NOTHING;
INSERT INTO inspection_line (inspection_line_id, inspection_no, item_checked, condition, fine_amount, notes) VALUES (44, 8, 'Study Desk', 'Good', 0, NULL) ON CONFLICT DO NOTHING;
INSERT INTO inspection_line (inspection_line_id, inspection_no, item_checked, condition, fine_amount, notes) VALUES (45, 8, 'Wardrobe', 'Good', 0, NULL) ON CONFLICT DO NOTHING;
INSERT INTO inspection_line (inspection_line_id, inspection_no, item_checked, condition, fine_amount, notes) VALUES (46, 8, 'Air Conditioner', 'Good', 0, NULL) ON CONFLICT DO NOTHING;
INSERT INTO inspection_line (inspection_line_id, inspection_no, item_checked, condition, fine_amount, notes) VALUES (47, 9, 'Bed Frame', 'Good', 0, NULL) ON CONFLICT DO NOTHING;
INSERT INTO inspection_line (inspection_line_id, inspection_no, item_checked, condition, fine_amount, notes) VALUES (48, 9, 'Study Desk', 'Good', 0, NULL) ON CONFLICT DO NOTHING;
INSERT INTO inspection_line (inspection_line_id, inspection_no, item_checked, condition, fine_amount, notes) VALUES (49, 9, 'Wardrobe', 'Fair', 0, 'Handle worn') ON CONFLICT DO NOTHING;
INSERT INTO inspection_line (inspection_line_id, inspection_no, item_checked, condition, fine_amount, notes) VALUES (50, 9, 'Air Conditioner', 'Damaged', 500, 'Filter damaged - replacement needed') ON CONFLICT DO NOTHING;
INSERT INTO inspection_line (inspection_line_id, inspection_no, item_checked, condition, fine_amount, notes) VALUES (51, 10, 'Bed Frame', 'Good', 0, NULL) ON CONFLICT DO NOTHING;
INSERT INTO inspection_line (inspection_line_id, inspection_no, item_checked, condition, fine_amount, notes) VALUES (52, 10, 'Study Desk', 'Good', 0, NULL) ON CONFLICT DO NOTHING;
INSERT INTO inspection_line (inspection_line_id, inspection_no, item_checked, condition, fine_amount, notes) VALUES (53, 10, 'Wardrobe', 'Good', 0, NULL) ON CONFLICT DO NOTHING;
INSERT INTO inspection_line (inspection_line_id, inspection_no, item_checked, condition, fine_amount, notes) VALUES (54, 10, 'Air Conditioner', 'Good', 0, NULL) ON CONFLICT DO NOTHING;
INSERT INTO inspection_line (inspection_line_id, inspection_no, item_checked, condition, fine_amount, notes) VALUES (55, 10, 'Wall Paint', 'Good', 0, NULL) ON CONFLICT DO NOTHING;
INSERT INTO inspection_line (inspection_line_id, inspection_no, item_checked, condition, fine_amount, notes) VALUES (56, 10, 'Bathroom Fixtures', 'Good', 0, NULL) ON CONFLICT DO NOTHING;
INSERT INTO inspection_line (inspection_line_id, inspection_no, item_checked, condition, fine_amount, notes) VALUES (57, 11, 'Bed Frame', 'Good', 0, NULL) ON CONFLICT DO NOTHING;
INSERT INTO inspection_line (inspection_line_id, inspection_no, item_checked, condition, fine_amount, notes) VALUES (58, 11, 'Study Desk', 'Good', 0, NULL) ON CONFLICT DO NOTHING;
INSERT INTO inspection_line (inspection_line_id, inspection_no, item_checked, condition, fine_amount, notes) VALUES (59, 11, 'Wardrobe', 'Good', 0, NULL) ON CONFLICT DO NOTHING;
INSERT INTO inspection_line (inspection_line_id, inspection_no, item_checked, condition, fine_amount, notes) VALUES (60, 11, 'Air Conditioner', 'Good', 0, NULL) ON CONFLICT DO NOTHING;
INSERT INTO inspection_line (inspection_line_id, inspection_no, item_checked, condition, fine_amount, notes) VALUES (61, 11, 'Wall Paint', 'Good', 0, NULL) ON CONFLICT DO NOTHING;
INSERT INTO inspection_line (inspection_line_id, inspection_no, item_checked, condition, fine_amount, notes) VALUES (62, 11, 'Bathroom Fixtures', 'Good', 0, NULL) ON CONFLICT DO NOTHING;
INSERT INTO inspection_line (inspection_line_id, inspection_no, item_checked, condition, fine_amount, notes) VALUES (63, 12, 'Bed Frame', 'Good', 0, NULL) ON CONFLICT DO NOTHING;
INSERT INTO inspection_line (inspection_line_id, inspection_no, item_checked, condition, fine_amount, notes) VALUES (64, 12, 'Study Desk', 'Good', 0, NULL) ON CONFLICT DO NOTHING;
INSERT INTO inspection_line (inspection_line_id, inspection_no, item_checked, condition, fine_amount, notes) VALUES (65, 12, 'Wardrobe', 'Good', 0, NULL) ON CONFLICT DO NOTHING;
INSERT INTO inspection_line (inspection_line_id, inspection_no, item_checked, condition, fine_amount, notes) VALUES (66, 12, 'Air Conditioner', 'Good', 0, NULL) ON CONFLICT DO NOTHING;
INSERT INTO inspection_line (inspection_line_id, inspection_no, item_checked, condition, fine_amount, notes) VALUES (67, 13, 'Bed Frame', 'Fair', 0, 'Slight wobble in frame') ON CONFLICT DO NOTHING;
INSERT INTO inspection_line (inspection_line_id, inspection_no, item_checked, condition, fine_amount, notes) VALUES (68, 13, 'Study Desk', 'Good', 0, NULL) ON CONFLICT DO NOTHING;
INSERT INTO inspection_line (inspection_line_id, inspection_no, item_checked, condition, fine_amount, notes) VALUES (69, 13, 'Wardrobe', 'Damaged', 400, 'Door hinge broken off') ON CONFLICT DO NOTHING;
INSERT INTO inspection_line (inspection_line_id, inspection_no, item_checked, condition, fine_amount, notes) VALUES (70, 13, 'Air Conditioner', 'Good', 0, NULL) ON CONFLICT DO NOTHING;
INSERT INTO inspection_line (inspection_line_id, inspection_no, item_checked, condition, fine_amount, notes) VALUES (71, 13, 'Sofa', 'Damaged', 300, 'Torn fabric on armrest') ON CONFLICT DO NOTHING;
INSERT INTO inspection_line (inspection_line_id, inspection_no, item_checked, condition, fine_amount, notes) VALUES (72, 13, 'Television', 'Good', 0, NULL) ON CONFLICT DO NOTHING;
INSERT INTO inspection_line (inspection_line_id, inspection_no, item_checked, condition, fine_amount, notes) VALUES (73, 14, 'Bed Frame', 'Good', 0, NULL) ON CONFLICT DO NOTHING;
INSERT INTO inspection_line (inspection_line_id, inspection_no, item_checked, condition, fine_amount, notes) VALUES (74, 14, 'Study Desk', 'Good', 0, NULL) ON CONFLICT DO NOTHING;
INSERT INTO inspection_line (inspection_line_id, inspection_no, item_checked, condition, fine_amount, notes) VALUES (75, 14, 'Wardrobe', 'Good', 0, NULL) ON CONFLICT DO NOTHING;
INSERT INTO inspection_line (inspection_line_id, inspection_no, item_checked, condition, fine_amount, notes) VALUES (76, 14, 'Air Conditioner', 'Good', 0, NULL) ON CONFLICT DO NOTHING;
INSERT INTO inspection_line (inspection_line_id, inspection_no, item_checked, condition, fine_amount, notes) VALUES (77, 14, 'Refrigerator', 'Good', 0, NULL) ON CONFLICT DO NOTHING;
INSERT INTO inspection_line (inspection_line_id, inspection_no, item_checked, condition, fine_amount, notes) VALUES (78, 14, 'Water Heater', 'Good', 0, NULL) ON CONFLICT DO NOTHING;
INSERT INTO inspection_line (inspection_line_id, inspection_no, item_checked, condition, fine_amount, notes) VALUES (79, 15, 'Bed Frame', 'Good', 0, NULL) ON CONFLICT DO NOTHING;
INSERT INTO inspection_line (inspection_line_id, inspection_no, item_checked, condition, fine_amount, notes) VALUES (80, 15, 'Study Desk', 'Good', 0, NULL) ON CONFLICT DO NOTHING;
INSERT INTO inspection_line (inspection_line_id, inspection_no, item_checked, condition, fine_amount, notes) VALUES (81, 15, 'Wardrobe', 'Good', 0, NULL) ON CONFLICT DO NOTHING;
INSERT INTO inspection_line (inspection_line_id, inspection_no, item_checked, condition, fine_amount, notes) VALUES (82, 15, 'Air Conditioner', 'Good', 0, NULL) ON CONFLICT DO NOTHING;
INSERT INTO inspection_line (inspection_line_id, inspection_no, item_checked, condition, fine_amount, notes) VALUES (83, 15, 'Sofa', 'Good', 0, NULL) ON CONFLICT DO NOTHING;
INSERT INTO inspection_line (inspection_line_id, inspection_no, item_checked, condition, fine_amount, notes) VALUES (84, 15, 'Television', 'Good', 0, NULL) ON CONFLICT DO NOTHING;
